district,no_properties,link,code
BR1,143,https://www.rightmove.co.uk/property-for-sale/find.html?locationIdentifier=OUTCODE%5E251&insId=1&minPrice=200000&maxPrice=450000&minBedrooms=2&secondaryDisplayPropertyType=housesandflats&numberOfPropertiesPerPage=24&areaSizeUnit=sqft&googleAnalyticsChannel=buying,OUTCODE%5E251
BR2,143,https://www.rightmove.co.uk/property-for-sale/find.html?locationIdentifier=OUTCODE%5E252&insId=1&minPrice=200000&maxPrice=450000&minBedrooms=2&secondaryDisplayPropertyType=housesandflats&numberOfPropertiesPerPage=24&areaSizeUnit=sqft&googleAnalyticsChannel=buying,OUTCODE%5E252
BR3,99,https://www.rightmove.co.uk/property-for-sale/find.html?locationIdentifier=OUTCODE%5E253&insId=1&minPrice=200000&maxPrice=450000&minBedrooms=2&secondaryDisplayPropertyType=housesandflats&numberOfPropertiesPerPage=24&areaSizeUnit=sqft&googleAnalyticsChannel=buying,OUTCODE%5E253
BR4,25,https://www.rightmove.co.uk/property-for-sale/find.html?locationIdentifier=OUTCODE%5E254&insId=1&minPrice=200000&maxPrice=450000&minBedrooms=2&secondaryDisplayPropertyType=housesandflats&numberOfPropertiesPerPage=24&areaSizeUnit=sqft&googleAnalyticsChannel=buying,OUTCODE%5E254
BR5,149,https://www.rightmove.co.uk/property-for-sale/find.html?locationIdentifier=OUTCODE%5E255&insId=1&minPrice=200000&maxPrice=450000&minBedrooms=2&secondaryDisplayPropertyType=housesandflats&numberOfPropertiesPerPage=24&areaSizeUnit=sqft&googleAnalyticsChannel=buying,OUTCODE%5E255
BR6,127,https://www.rightmove.co.uk/property-for-sale/find.html?locationIdentifier=OUTCODE%5E256&insId=1&minPrice=200000&maxPrice=450000&minBedrooms=2&secondaryDisplayPropertyType=housesandflats&numberOfPropertiesPerPage=24&areaSizeUnit=sqft&googleAnalyticsChannel=buying,OUTCODE%5E256
BR7,50,https://www.rightmove.co.uk/property-for-sale/find.html?locationIdentifier=OUTCODE%5E257&insId=1&minPrice=200000&maxPrice=450000&minBedrooms=2&secondaryDisplayPropertyType=housesandflats&numberOfPropertiesPerPage=24&areaSizeUnit=sqft&googleAnalyticsChannel=buying,OUTCODE%5E257
BR8,71,https://www.rightmove.co.uk/property-for-sale/find.html?locationIdentifier=OUTCODE%5E258&insId=1&minPrice=200000&maxPrice=450000&minBedrooms=2&secondaryDisplayPropertyType=housesandflats&numberOfPropertiesPerPage=24&areaSizeUnit=sqft&googleAnalyticsChannel=buying,OUTCODE%5E258
CM13,63,https://www.rightmove.co.uk/property-for-sale/find.html?locationIdentifier=OUTCODE%5E486&insId=1&minPrice=200000&maxPrice=450000&minBedrooms=2&secondaryDisplayPropertyType=housesandflats&numberOfPropertiesPerPage=24&areaSizeUnit=sqft&googleAnalyticsChannel=buying,OUTCODE%5E486
CM14,157,https://www.rightmove.co.uk/property-for-sale/find.html?locationIdentifier=OUTCODE%5E487&insId=1&minPrice=200000&maxPrice=450000&minBedrooms=2&secondaryDisplayPropertyType=housesandflats&numberOfPropertiesPerPage=24&areaSizeUnit=sqft&googleAnalyticsChannel=buying,OUTCODE%5E487
CR0,650,https://www.rightmove.co.uk/property-for-sale/find.html?locationIdentifier=OUTCODE%5E523&insId=1&minPrice=200000&maxPrice=450000&minBedrooms=2&secondaryDisplayPropertyType=housesandflats&numberOfPropertiesPerPage=24&areaSizeUnit=sqft&googleAnalyticsChannel=buying,OUTCODE%5E523
CR2,165,https://www.rightmove.co.uk/property-for-sale/find.html?locationIdentifier=OUTCODE%5E524&insId=1&minPrice=200000&maxPrice=450000&minBedrooms=2&secondaryDisplayPropertyType=housesandflats&numberOfPropertiesPerPage=24&areaSizeUnit=sqft&googleAnalyticsChannel=buying,OUTCODE%5E524
CR3,168,https://www.rightmove.co.uk/property-for-sale/find.html?locationIdentifier=OUTCODE%5E525&insId=1&minPrice=200000&maxPrice=450000&minBedrooms=2&secondaryDisplayPropertyType=housesandflats&numberOfPropertiesPerPage=24&areaSizeUnit=sqft&googleAnalyticsChannel=buying,OUTCODE%5E525
CR4,175,https://www.rightmove.co.uk/property-for-sale/find.html?locationIdentifier=OUTCODE%5E526&insId=1&minPrice=200000&maxPrice=450000&minBedrooms=2&secondaryDisplayPropertyType=housesandflats&numberOfPropertiesPerPage=24&areaSizeUnit=sqft&googleAnalyticsChannel=buying,OUTCODE%5E526
CR5,64,https://www.rightmove.co.uk/property-for-sale/find.html?locationIdentifier=OUTCODE%5E527&insId=1&minPrice=200000&maxPrice=450000&minBedrooms=2&secondaryDisplayPropertyType=housesandflats&numberOfPropertiesPerPage=24&areaSizeUnit=sqft&googleAnalyticsChannel=buying,OUTCODE%5E527
CR6,30,https://www.rightmove.co.uk/property-for-sale/find.html?locationIdentifier=OUTCODE%5E528&insId=1&minPrice=200000&maxPrice=450000&minBedrooms=2&secondaryDisplayPropertyType=housesandflats&numberOfPropertiesPerPage=24&areaSizeUnit=sqft&googleAnalyticsChannel=buying,OUTCODE%5E528
CR7,184,https://www.rightmove.co.uk/property-for-sale/find.html?locationIdentifier=OUTCODE%5E529&insId=1&minPrice=200000&maxPrice=450000&minBedrooms=2&secondaryDisplayPropertyType=housesandflats&numberOfPropertiesPerPage=24&areaSizeUnit=sqft&googleAnalyticsChannel=buying,OUTCODE%5E529
CR8,93,https://www.rightmove.co.uk/property-for-sale/find.html?locationIdentifier=OUTCODE%5E530&insId=1&minPrice=200000&maxPrice=450000&minBedrooms=2&secondaryDisplayPropertyType=housesandflats&numberOfPropertiesPerPage=24&areaSizeUnit=sqft&googleAnalyticsChannel=buying,OUTCODE%5E530
DA1,207,https://www.rightmove.co.uk/property-for-sale/find.html?locationIdentifier=OUTCODE%5E589&insId=1&minPrice=200000&maxPrice=450000&minBedrooms=2&secondaryDisplayPropertyType=housesandflats&numberOfPropertiesPerPage=24&areaSizeUnit=sqft&googleAnalyticsChannel=buying,OUTCODE%5E589
DA14,85,https://www.rightmove.co.uk/property-for-sale/find.html?locationIdentifier=OUTCODE%5E594&insId=1&minPrice=200000&maxPrice=450000&minBedrooms=2&secondaryDisplayPropertyType=housesandflats&numberOfPropertiesPerPage=24&areaSizeUnit=sqft&googleAnalyticsChannel=buying,OUTCODE%5E594
DA15,100,https://www.rightmove.co.uk/property-for-sale/find.html?locationIdentifier=OUTCODE%5E595&insId=1&minPrice=200000&maxPrice=450000&minBedrooms=2&secondaryDisplayPropertyType=housesandflats&numberOfPropertiesPerPage=24&areaSizeUnit=sqft&googleAnalyticsChannel=buying,OUTCODE%5E595
DA16,126,https://www.rightmove.co.uk/property-for-sale/find.html?locationIdentifier=OUTCODE%5E596&insId=1&minPrice=200000&maxPrice=450000&minBedrooms=2&secondaryDisplayPropertyType=housesandflats&numberOfPropertiesPerPage=24&areaSizeUnit=sqft&googleAnalyticsChannel=buying,OUTCODE%5E596
DA17,70,https://www.rightmove.co.uk/property-for-sale/find.html?locationIdentifier=OUTCODE%5E597&insId=1&minPrice=200000&maxPrice=450000&minBedrooms=2&secondaryDisplayPropertyType=housesandflats&numberOfPropertiesPerPage=24&areaSizeUnit=sqft&googleAnalyticsChannel=buying,OUTCODE%5E597
DA18,5,https://www.rightmove.co.uk/property-for-sale/find.html?locationIdentifier=OUTCODE%5E598&insId=1&minPrice=200000&maxPrice=450000&minBedrooms=2&secondaryDisplayPropertyType=housesandflats&numberOfPropertiesPerPage=24&areaSizeUnit=sqft&googleAnalyticsChannel=buying,OUTCODE%5E598
DA5,62,https://www.rightmove.co.uk/property-for-sale/find.html?locationIdentifier=OUTCODE%5E602&insId=1&minPrice=200000&maxPrice=450000&minBedrooms=2&secondaryDisplayPropertyType=housesandflats&numberOfPropertiesPerPage=24&areaSizeUnit=sqft&googleAnalyticsChannel=buying,OUTCODE%5E602
DA6,19,https://www.rightmove.co.uk/property-for-sale/find.html?locationIdentifier=OUTCODE%5E603&insId=1&minPrice=200000&maxPrice=450000&minBedrooms=2&secondaryDisplayPropertyType=housesandflats&numberOfPropertiesPerPage=24&areaSizeUnit=sqft&googleAnalyticsChannel=buying,OUTCODE%5E603
DA7,91,https://www.rightmove.co.uk/property-for-sale/find.html?locationIdentifier=OUTCODE%5E604&insId=1&minPrice=200000&maxPrice=450000&minBedrooms=2&secondaryDisplayPropertyType=housesandflats&numberOfPropertiesPerPage=24&areaSizeUnit=sqft&googleAnalyticsChannel=buying,OUTCODE%5E604
DA8,99,https://www.rightmove.co.uk/property-for-sale/find.html?locationIdentifier=OUTCODE%5E605&insId=1&minPrice=200000&maxPrice=450000&minBedrooms=2&secondaryDisplayPropertyType=housesandflats&numberOfPropertiesPerPage=24&areaSizeUnit=sqft&googleAnalyticsChannel=buying,OUTCODE%5E605
E1,97,https://www.rightmove.co.uk/property-for-sale/find.html?locationIdentifier=OUTCODE%5E744&insId=1&minPrice=200000&maxPrice=450000&minBedrooms=2&secondaryDisplayPropertyType=housesandflats&numberOfPropertiesPerPage=24&areaSizeUnit=sqft&googleAnalyticsChannel=buying,OUTCODE%5E744
E10,80,https://www.rightmove.co.uk/property-for-sale/find.html?locationIdentifier=OUTCODE%5E745&insId=1&minPrice=200000&maxPrice=450000&minBedrooms=2&secondaryDisplayPropertyType=housesandflats&numberOfPropertiesPerPage=24&areaSizeUnit=sqft&googleAnalyticsChannel=buying,OUTCODE%5E745
E11,94,https://www.rightmove.co.uk/property-for-sale/find.html?locationIdentifier=OUTCODE%5E746&insId=1&minPrice=200000&maxPrice=450000&minBedrooms=2&secondaryDisplayPropertyType=housesandflats&numberOfPropertiesPerPage=24&areaSizeUnit=sqft&googleAnalyticsChannel=buying,OUTCODE%5E746
E12,63,https://www.rightmove.co.uk/property-for-sale/find.html?locationIdentifier=OUTCODE%5E747&insId=1&minPrice=200000&maxPrice=450000&minBedrooms=2&secondaryDisplayPropertyType=housesandflats&numberOfPropertiesPerPage=24&areaSizeUnit=sqft&googleAnalyticsChannel=buying,OUTCODE%5E747
E13,150,https://www.rightmove.co.uk/property-for-sale/find.html?locationIdentifier=OUTCODE%5E748&insId=1&minPrice=200000&maxPrice=450000&minBedrooms=2&secondaryDisplayPropertyType=housesandflats&numberOfPropertiesPerPage=24&areaSizeUnit=sqft&googleAnalyticsChannel=buying,OUTCODE%5E748
E14,125,https://www.rightmove.co.uk/property-for-sale/find.html?locationIdentifier=OUTCODE%5E749&insId=1&minPrice=200000&maxPrice=450000&minBedrooms=2&secondaryDisplayPropertyType=housesandflats&numberOfPropertiesPerPage=24&areaSizeUnit=sqft&googleAnalyticsChannel=buying,OUTCODE%5E749
E15,113,https://www.rightmove.co.uk/property-for-sale/find.html?locationIdentifier=OUTCODE%5E750&insId=1&minPrice=200000&maxPrice=450000&minBedrooms=2&secondaryDisplayPropertyType=housesandflats&numberOfPropertiesPerPage=24&areaSizeUnit=sqft&googleAnalyticsChannel=buying,OUTCODE%5E750
E16,122,https://www.rightmove.co.uk/property-for-sale/find.html?locationIdentifier=OUTCODE%5E751&insId=1&minPrice=200000&maxPrice=450000&minBedrooms=2&secondaryDisplayPropertyType=housesandflats&numberOfPropertiesPerPage=24&areaSizeUnit=sqft&googleAnalyticsChannel=buying,OUTCODE%5E751
E17,155,https://www.rightmove.co.uk/property-for-sale/find.html?locationIdentifier=OUTCODE%5E752&insId=1&minPrice=200000&maxPrice=450000&minBedrooms=2&secondaryDisplayPropertyType=housesandflats&numberOfPropertiesPerPage=24&areaSizeUnit=sqft&googleAnalyticsChannel=buying,OUTCODE%5E752
E18,39,https://www.rightmove.co.uk/property-for-sale/find.html?locationIdentifier=OUTCODE%5E753&insId=1&minPrice=200000&maxPrice=450000&minBedrooms=2&secondaryDisplayPropertyType=housesandflats&numberOfPropertiesPerPage=24&areaSizeUnit=sqft&googleAnalyticsChannel=buying,OUTCODE%5E753
E1W,13,https://www.rightmove.co.uk/property-for-sale/find.html?locationIdentifier=OUTCODE%5E754&insId=1&minPrice=200000&maxPrice=450000&minBedrooms=2&secondaryDisplayPropertyType=housesandflats&numberOfPropertiesPerPage=24&areaSizeUnit=sqft&googleAnalyticsChannel=buying,OUTCODE%5E754
E2,38,https://www.rightmove.co.uk/property-for-sale/find.html?locationIdentifier=OUTCODE%5E755&insId=1&minPrice=200000&maxPrice=450000&minBedrooms=2&secondaryDisplayPropertyType=housesandflats&numberOfPropertiesPerPage=24&areaSizeUnit=sqft&googleAnalyticsChannel=buying,OUTCODE%5E755
E3,114,https://www.rightmove.co.uk/property-for-sale/find.html?locationIdentifier=OUTCODE%5E756&insId=1&minPrice=200000&maxPrice=450000&minBedrooms=2&secondaryDisplayPropertyType=housesandflats&numberOfPropertiesPerPage=24&areaSizeUnit=sqft&googleAnalyticsChannel=buying,OUTCODE%5E756
E4,123,https://www.rightmove.co.uk/property-for-sale/find.html?locationIdentifier=OUTCODE%5E757&insId=1&minPrice=200000&maxPrice=450000&minBedrooms=2&secondaryDisplayPropertyType=housesandflats&numberOfPropertiesPerPage=24&areaSizeUnit=sqft&googleAnalyticsChannel=buying,OUTCODE%5E757
E5,29,https://www.rightmove.co.uk/property-for-sale/find.html?locationIdentifier=OUTCODE%5E758&insId=1&minPrice=200000&maxPrice=450000&minBedrooms=2&secondaryDisplayPropertyType=housesandflats&numberOfPropertiesPerPage=24&areaSizeUnit=sqft&googleAnalyticsChannel=buying,OUTCODE%5E758
E6,130,https://www.rightmove.co.uk/property-for-sale/find.html?locationIdentifier=OUTCODE%5E759&insId=1&minPrice=200000&maxPrice=450000&minBedrooms=2&secondaryDisplayPropertyType=housesandflats&numberOfPropertiesPerPage=24&areaSizeUnit=sqft&googleAnalyticsChannel=buying,OUTCODE%5E759
E7,47,https://www.rightmove.co.uk/property-for-sale/find.html?locationIdentifier=OUTCODE%5E760&insId=1&minPrice=200000&maxPrice=450000&minBedrooms=2&secondaryDisplayPropertyType=housesandflats&numberOfPropertiesPerPage=24&areaSizeUnit=sqft&googleAnalyticsChannel=buying,OUTCODE%5E760
E8,7,https://www.rightmove.co.uk/property-for-sale/find.html?locationIdentifier=OUTCODE%5E762&insId=1&minPrice=200000&maxPrice=450000&minBedrooms=2&secondaryDisplayPropertyType=housesandflats&numberOfPropertiesPerPage=24&areaSizeUnit=sqft&googleAnalyticsChannel=buying,OUTCODE%5E762
E9,39,https://www.rightmove.co.uk/property-for-sale/find.html?locationIdentifier=OUTCODE%5E763&insId=1&minPrice=200000&maxPrice=450000&minBedrooms=2&secondaryDisplayPropertyType=housesandflats&numberOfPropertiesPerPage=24&areaSizeUnit=sqft&googleAnalyticsChannel=buying,OUTCODE%5E763
EC1A,0,https://www.rightmove.co.uk/property-for-sale/find.html?locationIdentifier=OUTCODE%5E765&insId=1&minPrice=200000&maxPrice=450000&minBedrooms=2&secondaryDisplayPropertyType=housesandflats&numberOfPropertiesPerPage=24&areaSizeUnit=sqft&googleAnalyticsChannel=buying,OUTCODE%5E765
EC1M,0,https://www.rightmove.co.uk/property-for-sale/find.html?locationIdentifier=OUTCODE%5E766&insId=1&minPrice=200000&maxPrice=450000&minBedrooms=2&secondaryDisplayPropertyType=housesandflats&numberOfPropertiesPerPage=24&areaSizeUnit=sqft&googleAnalyticsChannel=buying,OUTCODE%5E766
EC1N,0,https://www.rightmove.co.uk/property-for-sale/find.html?locationIdentifier=OUTCODE%5E767&insId=1&minPrice=200000&maxPrice=450000&minBedrooms=2&secondaryDisplayPropertyType=housesandflats&numberOfPropertiesPerPage=24&areaSizeUnit=sqft&googleAnalyticsChannel=buying,OUTCODE%5E767
EC1R,0,https://www.rightmove.co.uk/property-for-sale/find.html?locationIdentifier=OUTCODE%5E769&insId=1&minPrice=200000&maxPrice=450000&minBedrooms=2&secondaryDisplayPropertyType=housesandflats&numberOfPropertiesPerPage=24&areaSizeUnit=sqft&googleAnalyticsChannel=buying,OUTCODE%5E769
EC1V,2,https://www.rightmove.co.uk/property-for-sale/find.html?locationIdentifier=OUTCODE%5E770&insId=1&minPrice=200000&maxPrice=450000&minBedrooms=2&secondaryDisplayPropertyType=housesandflats&numberOfPropertiesPerPage=24&areaSizeUnit=sqft&googleAnalyticsChannel=buying,OUTCODE%5E770
EC1Y,0,https://www.rightmove.co.uk/property-for-sale/find.html?locationIdentifier=OUTCODE%5E771&insId=1&minPrice=200000&maxPrice=450000&minBedrooms=2&secondaryDisplayPropertyType=housesandflats&numberOfPropertiesPerPage=24&areaSizeUnit=sqft&googleAnalyticsChannel=buying,OUTCODE%5E771
EC2A,2,https://www.rightmove.co.uk/property-for-sale/find.html?locationIdentifier=OUTCODE%5E772&insId=1&minPrice=200000&maxPrice=450000&minBedrooms=2&secondaryDisplayPropertyType=housesandflats&numberOfPropertiesPerPage=24&areaSizeUnit=sqft&googleAnalyticsChannel=buying,OUTCODE%5E772
EC2M,0,https://www.rightmove.co.uk/property-for-sale/find.html?locationIdentifier=OUTCODE%5E773&insId=1&minPrice=200000&maxPrice=450000&minBedrooms=2&secondaryDisplayPropertyType=housesandflats&numberOfPropertiesPerPage=24&areaSizeUnit=sqft&googleAnalyticsChannel=buying,OUTCODE%5E773
EC2N,0,https://www.rightmove.co.uk/property-for-sale/find.html?locationIdentifier=OUTCODE%5E774&insId=1&minPrice=200000&maxPrice=450000&minBedrooms=2&secondaryDisplayPropertyType=housesandflats&numberOfPropertiesPerPage=24&areaSizeUnit=sqft&googleAnalyticsChannel=buying,OUTCODE%5E774
EC2R,0,https://www.rightmove.co.uk/property-for-sale/find.html?locationIdentifier=OUTCODE%5E776&insId=1&minPrice=200000&maxPrice=450000&minBedrooms=2&secondaryDisplayPropertyType=housesandflats&numberOfPropertiesPerPage=24&areaSizeUnit=sqft&googleAnalyticsChannel=buying,OUTCODE%5E776
EC2V,0,https://www.rightmove.co.uk/property-for-sale/find.html?locationIdentifier=OUTCODE%5E777&insId=1&minPrice=200000&maxPrice=450000&minBedrooms=2&secondaryDisplayPropertyType=housesandflats&numberOfPropertiesPerPage=24&areaSizeUnit=sqft&googleAnalyticsChannel=buying,OUTCODE%5E777
EC2Y,0,https://www.rightmove.co.uk/property-for-sale/find.html?locationIdentifier=OUTCODE%5E778&insId=1&minPrice=200000&maxPrice=450000&minBedrooms=2&secondaryDisplayPropertyType=housesandflats&numberOfPropertiesPerPage=24&areaSizeUnit=sqft&googleAnalyticsChannel=buying,OUTCODE%5E778
EC3A,0,https://www.rightmove.co.uk/property-for-sale/find.html?locationIdentifier=OUTCODE%5E779&insId=1&minPrice=200000&maxPrice=450000&minBedrooms=2&secondaryDisplayPropertyType=housesandflats&numberOfPropertiesPerPage=24&areaSizeUnit=sqft&googleAnalyticsChannel=buying,OUTCODE%5E779
EC3M,0,https://www.rightmove.co.uk/property-for-sale/find.html?locationIdentifier=OUTCODE%5E780&insId=1&minPrice=200000&maxPrice=450000&minBedrooms=2&secondaryDisplayPropertyType=housesandflats&numberOfPropertiesPerPage=24&areaSizeUnit=sqft&googleAnalyticsChannel=buying,OUTCODE%5E780
EC3N,0,https://www.rightmove.co.uk/property-for-sale/find.html?locationIdentifier=OUTCODE%5E781&insId=1&minPrice=200000&maxPrice=450000&minBedrooms=2&secondaryDisplayPropertyType=housesandflats&numberOfPropertiesPerPage=24&areaSizeUnit=sqft&googleAnalyticsChannel=buying,OUTCODE%5E781
EC3R,0,https://www.rightmove.co.uk/property-for-sale/find.html?locationIdentifier=OUTCODE%5E783&insId=1&minPrice=200000&maxPrice=450000&minBedrooms=2&secondaryDisplayPropertyType=housesandflats&numberOfPropertiesPerPage=24&areaSizeUnit=sqft&googleAnalyticsChannel=buying,OUTCODE%5E783
EC3V,0,https://www.rightmove.co.uk/property-for-sale/find.html?locationIdentifier=OUTCODE%5E784&insId=1&minPrice=200000&maxPrice=450000&minBedrooms=2&secondaryDisplayPropertyType=housesandflats&numberOfPropertiesPerPage=24&areaSizeUnit=sqft&googleAnalyticsChannel=buying,OUTCODE%5E784
EC4A,0,https://www.rightmove.co.uk/property-for-sale/find.html?locationIdentifier=OUTCODE%5E785&insId=1&minPrice=200000&maxPrice=450000&minBedrooms=2&secondaryDisplayPropertyType=housesandflats&numberOfPropertiesPerPage=24&areaSizeUnit=sqft&googleAnalyticsChannel=buying,OUTCODE%5E785
EC4M,0,https://www.rightmove.co.uk/property-for-sale/find.html?locationIdentifier=OUTCODE%5E786&insId=1&minPrice=200000&maxPrice=450000&minBedrooms=2&secondaryDisplayPropertyType=housesandflats&numberOfPropertiesPerPage=24&areaSizeUnit=sqft&googleAnalyticsChannel=buying,OUTCODE%5E786
EC4N,0,https://www.rightmove.co.uk/property-for-sale/find.html?locationIdentifier=OUTCODE%5E787&insId=1&minPrice=200000&maxPrice=450000&minBedrooms=2&secondaryDisplayPropertyType=housesandflats&numberOfPropertiesPerPage=24&areaSizeUnit=sqft&googleAnalyticsChannel=buying,OUTCODE%5E787
EC4R,0,https://www.rightmove.co.uk/property-for-sale/find.html?locationIdentifier=OUTCODE%5E789&insId=1&minPrice=200000&maxPrice=450000&minBedrooms=2&secondaryDisplayPropertyType=housesandflats&numberOfPropertiesPerPage=24&areaSizeUnit=sqft&googleAnalyticsChannel=buying,OUTCODE%5E789
EC4V,0,https://www.rightmove.co.uk/property-for-sale/find.html?locationIdentifier=OUTCODE%5E790&insId=1&minPrice=200000&maxPrice=450000&minBedrooms=2&secondaryDisplayPropertyType=housesandflats&numberOfPropertiesPerPage=24&areaSizeUnit=sqft&googleAnalyticsChannel=buying,OUTCODE%5E790
EC4Y,0,https://www.rightmove.co.uk/property-for-sale/find.html?locationIdentifier=OUTCODE%5E791&insId=1&minPrice=200000&maxPrice=450000&minBedrooms=2&secondaryDisplayPropertyType=housesandflats&numberOfPropertiesPerPage=24&areaSizeUnit=sqft&googleAnalyticsChannel=buying,OUTCODE%5E791
EN1,147,https://www.rightmove.co.uk/property-for-sale/find.html?locationIdentifier=OUTCODE%5E849&insId=1&minPrice=200000&maxPrice=450000&minBedrooms=2&secondaryDisplayPropertyType=housesandflats&numberOfPropertiesPerPage=24&areaSizeUnit=sqft&googleAnalyticsChannel=buying,OUTCODE%5E849
EN2,63,https://www.rightmove.co.uk/property-for-sale/find.html?locationIdentifier=OUTCODE%5E852&insId=1&minPrice=200000&maxPrice=450000&minBedrooms=2&secondaryDisplayPropertyType=housesandflats&numberOfPropertiesPerPage=24&areaSizeUnit=sqft&googleAnalyticsChannel=buying,OUTCODE%5E852
EN3,178,https://www.rightmove.co.uk/property-for-sale/find.html?locationIdentifier=OUTCODE%5E853&insId=1&minPrice=200000&maxPrice=450000&minBedrooms=2&secondaryDisplayPropertyType=housesandflats&numberOfPropertiesPerPage=24&areaSizeUnit=sqft&googleAnalyticsChannel=buying,OUTCODE%5E853
EN4,29,https://www.rightmove.co.uk/property-for-sale/find.html?locationIdentifier=OUTCODE%5E854&insId=1&minPrice=200000&maxPrice=450000&minBedrooms=2&secondaryDisplayPropertyType=housesandflats&numberOfPropertiesPerPage=24&areaSizeUnit=sqft&googleAnalyticsChannel=buying,OUTCODE%5E854
EN5,82,https://www.rightmove.co.uk/property-for-sale/find.html?locationIdentifier=OUTCODE%5E855&insId=1&minPrice=200000&maxPrice=450000&minBedrooms=2&secondaryDisplayPropertyType=housesandflats&numberOfPropertiesPerPage=24&areaSizeUnit=sqft&googleAnalyticsChannel=buying,OUTCODE%5E855
EN6,90,https://www.rightmove.co.uk/property-for-sale/find.html?locationIdentifier=OUTCODE%5E856&insId=1&minPrice=200000&maxPrice=450000&minBedrooms=2&secondaryDisplayPropertyType=housesandflats&numberOfPropertiesPerPage=24&areaSizeUnit=sqft&googleAnalyticsChannel=buying,OUTCODE%5E856
EN7,74,https://www.rightmove.co.uk/property-for-sale/find.html?locationIdentifier=OUTCODE%5E857&insId=1&minPrice=200000&maxPrice=450000&minBedrooms=2&secondaryDisplayPropertyType=housesandflats&numberOfPropertiesPerPage=24&areaSizeUnit=sqft&googleAnalyticsChannel=buying,OUTCODE%5E857
EN8,183,https://www.rightmove.co.uk/property-for-sale/find.html?locationIdentifier=OUTCODE%5E858&insId=1&minPrice=200000&maxPrice=450000&minBedrooms=2&secondaryDisplayPropertyType=housesandflats&numberOfPropertiesPerPage=24&areaSizeUnit=sqft&googleAnalyticsChannel=buying,OUTCODE%5E858
EN9,98,https://www.rightmove.co.uk/property-for-sale/find.html?locationIdentifier=OUTCODE%5E859&insId=1&minPrice=200000&maxPrice=450000&minBedrooms=2&secondaryDisplayPropertyType=housesandflats&numberOfPropertiesPerPage=24&areaSizeUnit=sqft&googleAnalyticsChannel=buying,OUTCODE%5E859
HA0,99,https://www.rightmove.co.uk/property-for-sale/find.html?locationIdentifier=OUTCODE%5E1053&insId=1&minPrice=200000&maxPrice=450000&minBedrooms=2&secondaryDisplayPropertyType=housesandflats&numberOfPropertiesPerPage=24&areaSizeUnit=sqft&googleAnalyticsChannel=buying,OUTCODE%5E1053
HA1,158,https://www.rightmove.co.uk/property-for-sale/find.html?locationIdentifier=OUTCODE%5E1054&insId=1&minPrice=200000&maxPrice=450000&minBedrooms=2&secondaryDisplayPropertyType=housesandflats&numberOfPropertiesPerPage=24&areaSizeUnit=sqft&googleAnalyticsChannel=buying,OUTCODE%5E1054
HA2,107,https://www.rightmove.co.uk/property-for-sale/find.html?locationIdentifier=OUTCODE%5E1055&insId=1&minPrice=200000&maxPrice=450000&minBedrooms=2&secondaryDisplayPropertyType=housesandflats&numberOfPropertiesPerPage=24&areaSizeUnit=sqft&googleAnalyticsChannel=buying,OUTCODE%5E1055
HA3,139,https://www.rightmove.co.uk/property-for-sale/find.html?locationIdentifier=OUTCODE%5E1056&insId=1&minPrice=200000&maxPrice=450000&minBedrooms=2&secondaryDisplayPropertyType=housesandflats&numberOfPropertiesPerPage=24&areaSizeUnit=sqft&googleAnalyticsChannel=buying,OUTCODE%5E1056
HA4,108,https://www.rightmove.co.uk/property-for-sale/find.html?locationIdentifier=OUTCODE%5E1057&insId=1&minPrice=200000&maxPrice=450000&minBedrooms=2&secondaryDisplayPropertyType=housesandflats&numberOfPropertiesPerPage=24&areaSizeUnit=sqft&googleAnalyticsChannel=buying,OUTCODE%5E1057
HA5,71,https://www.rightmove.co.uk/property-for-sale/find.html?locationIdentifier=OUTCODE%5E1058&insId=1&minPrice=200000&maxPrice=450000&minBedrooms=2&secondaryDisplayPropertyType=housesandflats&numberOfPropertiesPerPage=24&areaSizeUnit=sqft&googleAnalyticsChannel=buying,OUTCODE%5E1058
HA6,16,https://www.rightmove.co.uk/property-for-sale/find.html?locationIdentifier=OUTCODE%5E1059&insId=1&minPrice=200000&maxPrice=450000&minBedrooms=2&secondaryDisplayPropertyType=housesandflats&numberOfPropertiesPerPage=24&areaSizeUnit=sqft&googleAnalyticsChannel=buying,OUTCODE%5E1059
HA7,49,https://www.rightmove.co.uk/property-for-sale/find.html?locationIdentifier=OUTCODE%5E1060&insId=1&minPrice=200000&maxPrice=450000&minBedrooms=2&secondaryDisplayPropertyType=housesandflats&numberOfPropertiesPerPage=24&areaSizeUnit=sqft&googleAnalyticsChannel=buying,OUTCODE%5E1060
HA8,118,https://www.rightmove.co.uk/property-for-sale/find.html?locationIdentifier=OUTCODE%5E1061&insId=1&minPrice=200000&maxPrice=450000&minBedrooms=2&secondaryDisplayPropertyType=housesandflats&numberOfPropertiesPerPage=24&areaSizeUnit=sqft&googleAnalyticsChannel=buying,OUTCODE%5E1061
HA9,82,https://www.rightmove.co.uk/property-for-sale/find.html?locationIdentifier=OUTCODE%5E1062&insId=1&minPrice=200000&maxPrice=450000&minBedrooms=2&secondaryDisplayPropertyType=housesandflats&numberOfPropertiesPerPage=24&areaSizeUnit=sqft&googleAnalyticsChannel=buying,OUTCODE%5E1062
IG1,130,https://www.rightmove.co.uk/property-for-sale/find.html?locationIdentifier=OUTCODE%5E1146&insId=1&minPrice=200000&maxPrice=450000&minBedrooms=2&secondaryDisplayPropertyType=housesandflats&numberOfPropertiesPerPage=24&areaSizeUnit=sqft&googleAnalyticsChannel=buying,OUTCODE%5E1146
IG11,150,https://www.rightmove.co.uk/property-for-sale/find.html?locationIdentifier=OUTCODE%5E1148&insId=1&minPrice=200000&maxPrice=450000&minBedrooms=2&secondaryDisplayPropertyType=housesandflats&numberOfPropertiesPerPage=24&areaSizeUnit=sqft&googleAnalyticsChannel=buying,OUTCODE%5E1148
IG2,51,https://www.rightmove.co.uk/property-for-sale/find.html?locationIdentifier=OUTCODE%5E1149&insId=1&minPrice=200000&maxPrice=450000&minBedrooms=2&secondaryDisplayPropertyType=housesandflats&numberOfPropertiesPerPage=24&areaSizeUnit=sqft&googleAnalyticsChannel=buying,OUTCODE%5E1149
IG3,51,https://www.rightmove.co.uk/property-for-sale/find.html?locationIdentifier=OUTCODE%5E1150&insId=1&minPrice=200000&maxPrice=450000&minBedrooms=2&secondaryDisplayPropertyType=housesandflats&numberOfPropertiesPerPage=24&areaSizeUnit=sqft&googleAnalyticsChannel=buying,OUTCODE%5E1150
IG4,5,https://www.rightmove.co.uk/property-for-sale/find.html?locationIdentifier=OUTCODE%5E1151&insId=1&minPrice=200000&maxPrice=450000&minBedrooms=2&secondaryDisplayPropertyType=housesandflats&numberOfPropertiesPerPage=24&areaSizeUnit=sqft&googleAnalyticsChannel=buying,OUTCODE%5E1151
IG5,21,https://www.rightmove.co.uk/property-for-sale/find.html?locationIdentifier=OUTCODE%5E1152&insId=1&minPrice=200000&maxPrice=450000&minBedrooms=2&secondaryDisplayPropertyType=housesandflats&numberOfPropertiesPerPage=24&areaSizeUnit=sqft&googleAnalyticsChannel=buying,OUTCODE%5E1152
IG6,69,https://www.rightmove.co.uk/property-for-sale/find.html?locationIdentifier=OUTCODE%5E1153&insId=1&minPrice=200000&maxPrice=450000&minBedrooms=2&secondaryDisplayPropertyType=housesandflats&numberOfPropertiesPerPage=24&areaSizeUnit=sqft&googleAnalyticsChannel=buying,OUTCODE%5E1153
IG7,75,https://www.rightmove.co.uk/property-for-sale/find.html?locationIdentifier=OUTCODE%5E1154&insId=1&minPrice=200000&maxPrice=450000&minBedrooms=2&secondaryDisplayPropertyType=housesandflats&numberOfPropertiesPerPage=24&areaSizeUnit=sqft&googleAnalyticsChannel=buying,OUTCODE%5E1154
IG8,85,https://www.rightmove.co.uk/property-for-sale/find.html?locationIdentifier=OUTCODE%5E1155&insId=2&minPrice=200000&maxPrice=450000&minBedrooms=2&secondaryDisplayPropertyType=housesandflats&numberOfPropertiesPerPage=24&areaSizeUnit=sqft&googleAnalyticsChannel=buying,OUTCODE%5E1155
IG9,40,https://www.rightmove.co.uk/property-for-sale/find.html?locationIdentifier=OUTCODE%5E1156&insId=1&minPrice=200000&maxPrice=450000&minBedrooms=2&secondaryDisplayPropertyType=housesandflats&numberOfPropertiesPerPage=24&areaSizeUnit=sqft&googleAnalyticsChannel=buying,OUTCODE%5E1156
KT1,44,https://www.rightmove.co.uk/property-for-sale/find.html?locationIdentifier=OUTCODE%5E1284&insId=1&minPrice=200000&maxPrice=450000&minBedrooms=2&secondaryDisplayPropertyType=housesandflats&numberOfPropertiesPerPage=24&areaSizeUnit=sqft&googleAnalyticsChannel=buying,OUTCODE%5E1284
KT17,51,https://www.rightmove.co.uk/property-for-sale/find.html?locationIdentifier=OUTCODE%5E1292&insId=1&minPrice=200000&maxPrice=450000&minBedrooms=2&secondaryDisplayPropertyType=housesandflats&numberOfPropertiesPerPage=24&areaSizeUnit=sqft&googleAnalyticsChannel=buying,OUTCODE%5E1292
KT19,86,https://www.rightmove.co.uk/property-for-sale/find.html?locationIdentifier=OUTCODE%5E1294&insId=1&minPrice=200000&maxPrice=450000&minBedrooms=2&secondaryDisplayPropertyType=housesandflats&numberOfPropertiesPerPage=24&areaSizeUnit=sqft&googleAnalyticsChannel=buying,OUTCODE%5E1294
KT2,51,https://www.rightmove.co.uk/property-for-sale/find.html?locationIdentifier=OUTCODE%5E1295&insId=1&minPrice=200000&maxPrice=450000&minBedrooms=2&secondaryDisplayPropertyType=housesandflats&numberOfPropertiesPerPage=24&areaSizeUnit=sqft&googleAnalyticsChannel=buying,OUTCODE%5E1295
KT22,87,https://www.rightmove.co.uk/property-for-sale/find.html?locationIdentifier=OUTCODE%5E1298&insId=1&minPrice=200000&maxPrice=450000&minBedrooms=2&secondaryDisplayPropertyType=housesandflats&numberOfPropertiesPerPage=24&areaSizeUnit=sqft&googleAnalyticsChannel=buying,OUTCODE%5E1298
KT3,45,https://www.rightmove.co.uk/property-for-sale/find.html?locationIdentifier=OUTCODE%5E1301&insId=1&minPrice=200000&maxPrice=450000&minBedrooms=2&secondaryDisplayPropertyType=housesandflats&numberOfPropertiesPerPage=24&areaSizeUnit=sqft&googleAnalyticsChannel=buying,OUTCODE%5E1301
KT4,70,https://www.rightmove.co.uk/property-for-sale/find.html?locationIdentifier=OUTCODE%5E1302&insId=1&minPrice=200000&maxPrice=450000&minBedrooms=2&secondaryDisplayPropertyType=housesandflats&numberOfPropertiesPerPage=24&areaSizeUnit=sqft&googleAnalyticsChannel=buying,OUTCODE%5E1302
KT5,37,https://www.rightmove.co.uk/property-for-sale/find.html?locationIdentifier=OUTCODE%5E1303&insId=1&minPrice=200000&maxPrice=450000&minBedrooms=2&secondaryDisplayPropertyType=housesandflats&numberOfPropertiesPerPage=24&areaSizeUnit=sqft&googleAnalyticsChannel=buying,OUTCODE%5E1303
KT6,82,https://www.rightmove.co.uk/property-for-sale/find.html?locationIdentifier=OUTCODE%5E1304&insId=1&minPrice=200000&maxPrice=450000&minBedrooms=2&secondaryDisplayPropertyType=housesandflats&numberOfPropertiesPerPage=24&areaSizeUnit=sqft&googleAnalyticsChannel=buying,OUTCODE%5E1304
KT7,16,https://www.rightmove.co.uk/property-for-sale/find.html?locationIdentifier=OUTCODE%5E1305&insId=1&minPrice=200000&maxPrice=450000&minBedrooms=2&secondaryDisplayPropertyType=housesandflats&numberOfPropertiesPerPage=24&areaSizeUnit=sqft&googleAnalyticsChannel=buying,OUTCODE%5E1305
KT8,43,https://www.rightmove.co.uk/property-for-sale/find.html?locationIdentifier=OUTCODE%5E1306&insId=1&minPrice=200000&maxPrice=450000&minBedrooms=2&secondaryDisplayPropertyType=housesandflats&numberOfPropertiesPerPage=24&areaSizeUnit=sqft&googleAnalyticsChannel=buying,OUTCODE%5E1306
KT9,62,https://www.rightmove.co.uk/property-for-sale/find.html?locationIdentifier=OUTCODE%5E1307&insId=1&minPrice=200000&maxPrice=450000&minBedrooms=2&secondaryDisplayPropertyType=housesandflats&numberOfPropertiesPerPage=24&areaSizeUnit=sqft&googleAnalyticsChannel=buying,OUTCODE%5E1307
N1,23,https://www.rightmove.co.uk/property-for-sale/find.html?locationIdentifier=OUTCODE%5E1666&insId=1&minPrice=200000&maxPrice=450000&minBedrooms=2&secondaryDisplayPropertyType=housesandflats&numberOfPropertiesPerPage=24&areaSizeUnit=sqft&googleAnalyticsChannel=buying,OUTCODE%5E1666
N10,46,https://www.rightmove.co.uk/property-for-sale/find.html?locationIdentifier=OUTCODE%5E1667&insId=1&minPrice=200000&maxPrice=450000&minBedrooms=2&secondaryDisplayPropertyType=housesandflats&numberOfPropertiesPerPage=24&areaSizeUnit=sqft&googleAnalyticsChannel=buying,OUTCODE%5E1667
N11,58,https://www.rightmove.co.uk/property-for-sale/find.html?locationIdentifier=OUTCODE%5E1668&insId=1&minPrice=200000&maxPrice=450000&minBedrooms=2&secondaryDisplayPropertyType=housesandflats&numberOfPropertiesPerPage=24&areaSizeUnit=sqft&googleAnalyticsChannel=buying,OUTCODE%5E1668
N12,64,https://www.rightmove.co.uk/property-for-sale/find.html?locationIdentifier=OUTCODE%5E1669&insId=1&minPrice=200000&maxPrice=450000&minBedrooms=2&secondaryDisplayPropertyType=housesandflats&numberOfPropertiesPerPage=24&areaSizeUnit=sqft&googleAnalyticsChannel=buying,OUTCODE%5E1669
N13,35,https://www.rightmove.co.uk/property-for-sale/find.html?locationIdentifier=OUTCODE%5E1670&insId=1&minPrice=200000&maxPrice=450000&minBedrooms=2&secondaryDisplayPropertyType=housesandflats&numberOfPropertiesPerPage=24&areaSizeUnit=sqft&googleAnalyticsChannel=buying,OUTCODE%5E1670
N14,27,https://www.rightmove.co.uk/property-for-sale/find.html?locationIdentifier=OUTCODE%5E1671&insId=1&minPrice=200000&maxPrice=450000&minBedrooms=2&secondaryDisplayPropertyType=housesandflats&numberOfPropertiesPerPage=24&areaSizeUnit=sqft&googleAnalyticsChannel=buying,OUTCODE%5E1671
N15,36,https://www.rightmove.co.uk/property-for-sale/find.html?locationIdentifier=OUTCODE%5E1672&insId=1&minPrice=200000&maxPrice=450000&minBedrooms=2&secondaryDisplayPropertyType=housesandflats&numberOfPropertiesPerPage=24&areaSizeUnit=sqft&googleAnalyticsChannel=buying,OUTCODE%5E1672
N16,21,https://www.rightmove.co.uk/property-for-sale/find.html?locationIdentifier=OUTCODE%5E1673&insId=1&minPrice=200000&maxPrice=450000&minBedrooms=2&secondaryDisplayPropertyType=housesandflats&numberOfPropertiesPerPage=24&areaSizeUnit=sqft&googleAnalyticsChannel=buying,OUTCODE%5E1673
N17,85,https://www.rightmove.co.uk/property-for-sale/find.html?locationIdentifier=OUTCODE%5E1674&insId=1&minPrice=200000&maxPrice=450000&minBedrooms=2&secondaryDisplayPropertyType=housesandflats&numberOfPropertiesPerPage=24&areaSizeUnit=sqft&googleAnalyticsChannel=buying,OUTCODE%5E1674
N18,49,https://www.rightmove.co.uk/property-for-sale/find.html?locationIdentifier=OUTCODE%5E1675&insId=1&minPrice=200000&maxPrice=450000&minBedrooms=2&secondaryDisplayPropertyType=housesandflats&numberOfPropertiesPerPage=24&areaSizeUnit=sqft&googleAnalyticsChannel=buying,OUTCODE%5E1675
N19,15,https://www.rightmove.co.uk/property-for-sale/find.html?locationIdentifier=OUTCODE%5E1676&insId=1&minPrice=200000&maxPrice=450000&minBedrooms=2&secondaryDisplayPropertyType=housesandflats&numberOfPropertiesPerPage=24&areaSizeUnit=sqft&googleAnalyticsChannel=buying,OUTCODE%5E1676
N1C,0,https://www.rightmove.co.uk/property-for-sale/find.html?locationIdentifier=OUTCODE%5E6147&insId=1&minPrice=200000&maxPrice=450000&minBedrooms=2&secondaryDisplayPropertyType=housesandflats&numberOfPropertiesPerPage=24&areaSizeUnit=sqft&googleAnalyticsChannel=buying,OUTCODE%5E6147
N2,21,https://www.rightmove.co.uk/property-for-sale/find.html?locationIdentifier=OUTCODE%5E1677&insId=1&minPrice=200000&maxPrice=450000&minBedrooms=2&secondaryDisplayPropertyType=housesandflats&numberOfPropertiesPerPage=24&areaSizeUnit=sqft&googleAnalyticsChannel=buying,OUTCODE%5E1677
N20,29,https://www.rightmove.co.uk/property-for-sale/find.html?locationIdentifier=OUTCODE%5E1678&insId=1&minPrice=200000&maxPrice=450000&minBedrooms=2&secondaryDisplayPropertyType=housesandflats&numberOfPropertiesPerPage=24&areaSizeUnit=sqft&googleAnalyticsChannel=buying,OUTCODE%5E1678
N21,45,https://www.rightmove.co.uk/property-for-sale/find.html?locationIdentifier=OUTCODE%5E1679&insId=1&minPrice=200000&maxPrice=450000&minBedrooms=2&secondaryDisplayPropertyType=housesandflats&numberOfPropertiesPerPage=24&areaSizeUnit=sqft&googleAnalyticsChannel=buying,OUTCODE%5E1679
N22,40,https://www.rightmove.co.uk/property-for-sale/find.html?locationIdentifier=OUTCODE%5E1680&insId=1&minPrice=200000&maxPrice=450000&minBedrooms=2&secondaryDisplayPropertyType=housesandflats&numberOfPropertiesPerPage=24&areaSizeUnit=sqft&googleAnalyticsChannel=buying,OUTCODE%5E1680
N3,26,https://www.rightmove.co.uk/property-for-sale/find.html?locationIdentifier=OUTCODE%5E1681&insId=1&minPrice=200000&maxPrice=450000&minBedrooms=2&secondaryDisplayPropertyType=housesandflats&numberOfPropertiesPerPage=24&areaSizeUnit=sqft&googleAnalyticsChannel=buying,OUTCODE%5E1681
N4,31,https://www.rightmove.co.uk/property-for-sale/find.html?locationIdentifier=OUTCODE%5E1682&insId=1&minPrice=200000&maxPrice=450000&minBedrooms=2&secondaryDisplayPropertyType=housesandflats&numberOfPropertiesPerPage=24&areaSizeUnit=sqft&googleAnalyticsChannel=buying,OUTCODE%5E1682
N5,7,https://www.rightmove.co.uk/property-for-sale/find.html?locationIdentifier=OUTCODE%5E1683&insId=1&minPrice=200000&maxPrice=450000&minBedrooms=2&secondaryDisplayPropertyType=housesandflats&numberOfPropertiesPerPage=24&areaSizeUnit=sqft&googleAnalyticsChannel=buying,OUTCODE%5E1683
N6,11,https://www.rightmove.co.uk/property-for-sale/find.html?locationIdentifier=OUTCODE%5E1684&insId=1&minPrice=200000&maxPrice=450000&minBedrooms=2&secondaryDisplayPropertyType=housesandflats&numberOfPropertiesPerPage=24&areaSizeUnit=sqft&googleAnalyticsChannel=buying,OUTCODE%5E1684
N7,19,https://www.rightmove.co.uk/property-for-sale/find.html?locationIdentifier=OUTCODE%5E1685&insId=1&minPrice=200000&maxPrice=450000&minBedrooms=2&secondaryDisplayPropertyType=housesandflats&numberOfPropertiesPerPage=24&areaSizeUnit=sqft&googleAnalyticsChannel=buying,OUTCODE%5E1685
N8,26,https://www.rightmove.co.uk/property-for-sale/find.html?locationIdentifier=OUTCODE%5E1686&insId=1&minPrice=200000&maxPrice=450000&minBedrooms=2&secondaryDisplayPropertyType=housesandflats&numberOfPropertiesPerPage=24&areaSizeUnit=sqft&googleAnalyticsChannel=buying,OUTCODE%5E1686
N9,105,https://www.rightmove.co.uk/property-for-sale/find.html?locationIdentifier=OUTCODE%5E1687&insId=1&minPrice=200000&maxPrice=450000&minBedrooms=2&secondaryDisplayPropertyType=housesandflats&numberOfPropertiesPerPage=24&areaSizeUnit=sqft&googleAnalyticsChannel=buying,OUTCODE%5E1687
NW1,1,https://www.rightmove.co.uk/property-for-sale/find.html?locationIdentifier=OUTCODE%5E1855&insId=1&minPrice=200000&maxPrice=450000&minBedrooms=2&secondaryDisplayPropertyType=housesandflats&numberOfPropertiesPerPage=24&areaSizeUnit=sqft&googleAnalyticsChannel=buying,OUTCODE%5E1855
NW10,154,https://www.rightmove.co.uk/property-for-sale/find.html?locationIdentifier=OUTCODE%5E1856&insId=1&minPrice=200000&maxPrice=450000&minBedrooms=2&secondaryDisplayPropertyType=housesandflats&numberOfPropertiesPerPage=24&areaSizeUnit=sqft&googleAnalyticsChannel=buying,OUTCODE%5E1856
NW11,12,https://www.rightmove.co.uk/property-for-sale/find.html?locationIdentifier=OUTCODE%5E1857&insId=1&minPrice=200000&maxPrice=450000&minBedrooms=2&secondaryDisplayPropertyType=housesandflats&numberOfPropertiesPerPage=24&areaSizeUnit=sqft&googleAnalyticsChannel=buying,OUTCODE%5E1857
NW2,97,https://www.rightmove.co.uk/property-for-sale/find.html?locationIdentifier=OUTCODE%5E1858&insId=1&minPrice=200000&maxPrice=450000&minBedrooms=2&secondaryDisplayPropertyType=housesandflats&numberOfPropertiesPerPage=24&areaSizeUnit=sqft&googleAnalyticsChannel=buying,OUTCODE%5E1858
NW3,3,https://www.rightmove.co.uk/property-for-sale/find.html?locationIdentifier=OUTCODE%5E1859&insId=1&minPrice=200000&maxPrice=450000&minBedrooms=2&secondaryDisplayPropertyType=housesandflats&numberOfPropertiesPerPage=24&areaSizeUnit=sqft&googleAnalyticsChannel=buying,OUTCODE%5E1859
NW4,85,https://www.rightmove.co.uk/property-for-sale/find.html?locationIdentifier=OUTCODE%5E1860&insId=1&minPrice=200000&maxPrice=450000&minBedrooms=2&secondaryDisplayPropertyType=housesandflats&numberOfPropertiesPerPage=24&areaSizeUnit=sqft&googleAnalyticsChannel=buying,OUTCODE%5E1860
NW5,5,https://www.rightmove.co.uk/property-for-sale/find.html?locationIdentifier=OUTCODE%5E1861&insId=1&minPrice=200000&maxPrice=450000&minBedrooms=2&secondaryDisplayPropertyType=housesandflats&numberOfPropertiesPerPage=24&areaSizeUnit=sqft&googleAnalyticsChannel=buying,OUTCODE%5E1861
NW6,33,https://www.rightmove.co.uk/property-for-sale/find.html?locationIdentifier=OUTCODE%5E1862&insId=1&minPrice=200000&maxPrice=450000&minBedrooms=2&secondaryDisplayPropertyType=housesandflats&numberOfPropertiesPerPage=24&areaSizeUnit=sqft&googleAnalyticsChannel=buying,OUTCODE%5E1862
NW7,40,https://www.rightmove.co.uk/property-for-sale/find.html?locationIdentifier=OUTCODE%5E1863&insId=1&minPrice=200000&maxPrice=450000&minBedrooms=2&secondaryDisplayPropertyType=housesandflats&numberOfPropertiesPerPage=24&areaSizeUnit=sqft&googleAnalyticsChannel=buying,OUTCODE%5E1863
NW8,7,https://www.rightmove.co.uk/property-for-sale/find.html?locationIdentifier=OUTCODE%5E1864&insId=1&minPrice=200000&maxPrice=450000&minBedrooms=2&secondaryDisplayPropertyType=housesandflats&numberOfPropertiesPerPage=24&areaSizeUnit=sqft&googleAnalyticsChannel=buying,OUTCODE%5E1864
NW9,129,https://www.rightmove.co.uk/property-for-sale/find.html?locationIdentifier=OUTCODE%5E1865&insId=1&minPrice=200000&maxPrice=450000&minBedrooms=2&secondaryDisplayPropertyType=housesandflats&numberOfPropertiesPerPage=24&areaSizeUnit=sqft&googleAnalyticsChannel=buying,OUTCODE%5E1865
RM1,90,https://www.rightmove.co.uk/property-for-sale/find.html?locationIdentifier=OUTCODE%5E2187&insId=1&minPrice=200000&maxPrice=450000&minBedrooms=2&secondaryDisplayPropertyType=housesandflats&numberOfPropertiesPerPage=24&areaSizeUnit=sqft&googleAnalyticsChannel=buying,OUTCODE%5E2187
RM10,88,https://www.rightmove.co.uk/property-for-sale/find.html?locationIdentifier=OUTCODE%5E2188&insId=1&minPrice=200000&maxPrice=450000&minBedrooms=2&secondaryDisplayPropertyType=housesandflats&numberOfPropertiesPerPage=24&areaSizeUnit=sqft&googleAnalyticsChannel=buying,OUTCODE%5E2188
RM11,81,https://www.rightmove.co.uk/property-for-sale/find.html?locationIdentifier=OUTCODE%5E2189&insId=1&minPrice=200000&maxPrice=450000&minBedrooms=2&secondaryDisplayPropertyType=housesandflats&numberOfPropertiesPerPage=24&areaSizeUnit=sqft&googleAnalyticsChannel=buying,OUTCODE%5E2189
RM12,106,https://www.rightmove.co.uk/property-for-sale/find.html?locationIdentifier=OUTCODE%5E2190&insId=1&minPrice=200000&maxPrice=450000&minBedrooms=2&secondaryDisplayPropertyType=housesandflats&numberOfPropertiesPerPage=24&areaSizeUnit=sqft&googleAnalyticsChannel=buying,OUTCODE%5E2190
RM13,133,https://www.rightmove.co.uk/property-for-sale/find.html?locationIdentifier=OUTCODE%5E2191&insId=1&minPrice=200000&maxPrice=450000&minBedrooms=2&secondaryDisplayPropertyType=housesandflats&numberOfPropertiesPerPage=24&areaSizeUnit=sqft&googleAnalyticsChannel=buying,OUTCODE%5E2191
RM14,48,https://www.rightmove.co.uk/property-for-sale/find.html?locationIdentifier=OUTCODE%5E2192&insId=1&minPrice=200000&maxPrice=450000&minBedrooms=2&secondaryDisplayPropertyType=housesandflats&numberOfPropertiesPerPage=24&areaSizeUnit=sqft&googleAnalyticsChannel=buying,OUTCODE%5E2192
RM15,143,https://www.rightmove.co.uk/property-for-sale/find.html?locationIdentifier=OUTCODE%5E2193&insId=1&minPrice=200000&maxPrice=450000&minBedrooms=2&secondaryDisplayPropertyType=housesandflats&numberOfPropertiesPerPage=24&areaSizeUnit=sqft&googleAnalyticsChannel=buying,OUTCODE%5E2193
RM19,45,https://www.rightmove.co.uk/property-for-sale/find.html?locationIdentifier=OUTCODE%5E2197&insId=1&minPrice=200000&maxPrice=450000&minBedrooms=2&secondaryDisplayPropertyType=housesandflats&numberOfPropertiesPerPage=24&areaSizeUnit=sqft&googleAnalyticsChannel=buying,OUTCODE%5E2197
RM2,23,https://www.rightmove.co.uk/property-for-sale/find.html?locationIdentifier=OUTCODE%5E2198&insId=1&minPrice=200000&maxPrice=450000&minBedrooms=2&secondaryDisplayPropertyType=housesandflats&numberOfPropertiesPerPage=24&areaSizeUnit=sqft&googleAnalyticsChannel=buying,OUTCODE%5E2198
RM3,177,https://www.rightmove.co.uk/property-for-sale/find.html?locationIdentifier=OUTCODE%5E2200&insId=1&minPrice=200000&maxPrice=450000&minBedrooms=2&secondaryDisplayPropertyType=housesandflats&numberOfPropertiesPerPage=24&areaSizeUnit=sqft&googleAnalyticsChannel=buying,OUTCODE%5E2200
RM4,13,https://www.rightmove.co.uk/property-for-sale/find.html?locationIdentifier=OUTCODE%5E2201&insId=1&minPrice=200000&maxPrice=450000&minBedrooms=2&secondaryDisplayPropertyType=housesandflats&numberOfPropertiesPerPage=24&areaSizeUnit=sqft&googleAnalyticsChannel=buying,OUTCODE%5E2201
RM5,57,https://www.rightmove.co.uk/property-for-sale/find.html?locationIdentifier=OUTCODE%5E2202&insId=1&minPrice=200000&maxPrice=450000&minBedrooms=2&secondaryDisplayPropertyType=housesandflats&numberOfPropertiesPerPage=24&areaSizeUnit=sqft&googleAnalyticsChannel=buying,OUTCODE%5E2202
RM6,130,https://www.rightmove.co.uk/property-for-sale/find.html?locationIdentifier=OUTCODE%5E2204&insId=1&minPrice=200000&maxPrice=450000&minBedrooms=2&secondaryDisplayPropertyType=housesandflats&numberOfPropertiesPerPage=24&areaSizeUnit=sqft&googleAnalyticsChannel=buying,OUTCODE%5E2204
RM7,112,https://www.rightmove.co.uk/property-for-sale/find.html?locationIdentifier=OUTCODE%5E2205&insId=1&minPrice=200000&maxPrice=450000&minBedrooms=2&secondaryDisplayPropertyType=housesandflats&numberOfPropertiesPerPage=24&areaSizeUnit=sqft&googleAnalyticsChannel=buying,OUTCODE%5E2205
RM8,105,https://www.rightmove.co.uk/property-for-sale/find.html?locationIdentifier=OUTCODE%5E2206&insId=1&minPrice=200000&maxPrice=450000&minBedrooms=2&secondaryDisplayPropertyType=housesandflats&numberOfPropertiesPerPage=24&areaSizeUnit=sqft&googleAnalyticsChannel=buying,OUTCODE%5E2206
RM9,90,https://www.rightmove.co.uk/property-for-sale/find.html?locationIdentifier=OUTCODE%5E2207&insId=1&minPrice=200000&maxPrice=450000&minBedrooms=2&secondaryDisplayPropertyType=housesandflats&numberOfPropertiesPerPage=24&areaSizeUnit=sqft&googleAnalyticsChannel=buying,OUTCODE%5E2207
SE1,35,https://www.rightmove.co.uk/property-for-sale/find.html?locationIdentifier=OUTCODE%5E2309&insId=1&minPrice=200000&maxPrice=450000&minBedrooms=2&secondaryDisplayPropertyType=housesandflats&numberOfPropertiesPerPage=24&areaSizeUnit=sqft&googleAnalyticsChannel=buying,OUTCODE%5E2309
SE10,103,https://www.rightmove.co.uk/property-for-sale/find.html?locationIdentifier=OUTCODE%5E2310&insId=1&minPrice=200000&maxPrice=450000&minBedrooms=2&secondaryDisplayPropertyType=housesandflats&numberOfPropertiesPerPage=24&areaSizeUnit=sqft&googleAnalyticsChannel=buying,OUTCODE%5E2310
SE11,14,https://www.rightmove.co.uk/property-for-sale/find.html?locationIdentifier=OUTCODE%5E2311&insId=1&minPrice=200000&maxPrice=450000&minBedrooms=2&secondaryDisplayPropertyType=housesandflats&numberOfPropertiesPerPage=24&areaSizeUnit=sqft&googleAnalyticsChannel=buying,OUTCODE%5E2311
SE12,96,https://www.rightmove.co.uk/property-for-sale/find.html?locationIdentifier=OUTCODE%5E2312&insId=1&minPrice=200000&maxPrice=450000&minBedrooms=2&secondaryDisplayPropertyType=housesandflats&numberOfPropertiesPerPage=24&areaSizeUnit=sqft&googleAnalyticsChannel=buying,OUTCODE%5E2312
SE13,107,https://www.rightmove.co.uk/property-for-sale/find.html?locationIdentifier=OUTCODE%5E2313&insId=1&minPrice=200000&maxPrice=450000&minBedrooms=2&secondaryDisplayPropertyType=housesandflats&numberOfPropertiesPerPage=24&areaSizeUnit=sqft&googleAnalyticsChannel=buying,OUTCODE%5E2313
SE14,33,https://www.rightmove.co.uk/property-for-sale/find.html?locationIdentifier=OUTCODE%5E2314&insId=1&minPrice=200000&maxPrice=450000&minBedrooms=2&secondaryDisplayPropertyType=housesandflats&numberOfPropertiesPerPage=24&areaSizeUnit=sqft&googleAnalyticsChannel=buying,OUTCODE%5E2314
SE15,82,https://www.rightmove.co.uk/property-for-sale/find.html?locationIdentifier=OUTCODE%5E2315&insId=1&minPrice=200000&maxPrice=450000&minBedrooms=2&secondaryDisplayPropertyType=housesandflats&numberOfPropertiesPerPage=24&areaSizeUnit=sqft&googleAnalyticsChannel=buying,OUTCODE%5E2315
SE16,51,https://www.rightmove.co.uk/property-for-sale/find.html?locationIdentifier=OUTCODE%5E2316&insId=1&minPrice=200000&maxPrice=450000&minBedrooms=2&secondaryDisplayPropertyType=housesandflats&numberOfPropertiesPerPage=24&areaSizeUnit=sqft&googleAnalyticsChannel=buying,OUTCODE%5E2316
SE17,40,https://www.rightmove.co.uk/property-for-sale/find.html?locationIdentifier=OUTCODE%5E2317&insId=1&minPrice=200000&maxPrice=450000&minBedrooms=2&secondaryDisplayPropertyType=housesandflats&numberOfPropertiesPerPage=24&areaSizeUnit=sqft&googleAnalyticsChannel=buying,OUTCODE%5E2317
SE18,194,https://www.rightmove.co.uk/property-for-sale/find.html?locationIdentifier=OUTCODE%5E2318&insId=1&minPrice=200000&maxPrice=450000&minBedrooms=2&secondaryDisplayPropertyType=housesandflats&numberOfPropertiesPerPage=24&areaSizeUnit=sqft&googleAnalyticsChannel=buying,OUTCODE%5E2318
SE19,86,https://www.rightmove.co.uk/property-for-sale/find.html?locationIdentifier=OUTCODE%5E2319&insId=1&minPrice=200000&maxPrice=450000&minBedrooms=2&secondaryDisplayPropertyType=housesandflats&numberOfPropertiesPerPage=24&areaSizeUnit=sqft&googleAnalyticsChannel=buying,OUTCODE%5E2319
SE2,71,https://www.rightmove.co.uk/property-for-sale/find.html?locationIdentifier=OUTCODE%5E2320&insId=1&minPrice=200000&maxPrice=450000&minBedrooms=2&secondaryDisplayPropertyType=housesandflats&numberOfPropertiesPerPage=24&areaSizeUnit=sqft&googleAnalyticsChannel=buying,OUTCODE%5E2320
SE20,103,https://www.rightmove.co.uk/property-for-sale/find.html?locationIdentifier=OUTCODE%5E2321&insId=1&minPrice=200000&maxPrice=450000&minBedrooms=2&secondaryDisplayPropertyType=housesandflats&numberOfPropertiesPerPage=24&areaSizeUnit=sqft&googleAnalyticsChannel=buying,OUTCODE%5E2321
SE21,18,https://www.rightmove.co.uk/property-for-sale/find.html?locationIdentifier=OUTCODE%5E2322&insId=1&minPrice=200000&maxPrice=450000&minBedrooms=2&secondaryDisplayPropertyType=housesandflats&numberOfPropertiesPerPage=24&areaSizeUnit=sqft&googleAnalyticsChannel=buying,OUTCODE%5E2322
SE22,36,https://www.rightmove.co.uk/property-for-sale/find.html?locationIdentifier=OUTCODE%5E2323&insId=1&minPrice=200000&maxPrice=450000&minBedrooms=2&secondaryDisplayPropertyType=housesandflats&numberOfPropertiesPerPage=24&areaSizeUnit=sqft&googleAnalyticsChannel=buying,OUTCODE%5E2323
SE23,67,https://www.rightmove.co.uk/property-for-sale/find.html?locationIdentifier=OUTCODE%5E2324&insId=1&minPrice=200000&maxPrice=450000&minBedrooms=2&secondaryDisplayPropertyType=housesandflats&numberOfPropertiesPerPage=24&areaSizeUnit=sqft&googleAnalyticsChannel=buying,OUTCODE%5E2324
SE24,7,https://www.rightmove.co.uk/property-for-sale/find.html?locationIdentifier=OUTCODE%5E2325&insId=1&minPrice=200000&maxPrice=450000&minBedrooms=2&secondaryDisplayPropertyType=housesandflats&numberOfPropertiesPerPage=24&areaSizeUnit=sqft&googleAnalyticsChannel=buying,OUTCODE%5E2325
SE25,192,https://www.rightmove.co.uk/property-for-sale/find.html?locationIdentifier=OUTCODE%5E2326&insId=1&minPrice=200000&maxPrice=450000&minBedrooms=2&secondaryDisplayPropertyType=housesandflats&numberOfPropertiesPerPage=24&areaSizeUnit=sqft&googleAnalyticsChannel=buying,OUTCODE%5E2326
SE26,76,https://www.rightmove.co.uk/property-for-sale/find.html?locationIdentifier=OUTCODE%5E2327&insId=1&minPrice=200000&maxPrice=450000&minBedrooms=2&secondaryDisplayPropertyType=housesandflats&numberOfPropertiesPerPage=24&areaSizeUnit=sqft&googleAnalyticsChannel=buying,OUTCODE%5E2327
SE27,48,https://www.rightmove.co.uk/property-for-sale/find.html?locationIdentifier=OUTCODE%5E2328&insId=1&minPrice=200000&maxPrice=450000&minBedrooms=2&secondaryDisplayPropertyType=housesandflats&numberOfPropertiesPerPage=24&areaSizeUnit=sqft&googleAnalyticsChannel=buying,OUTCODE%5E2328
SE28,90,https://www.rightmove.co.uk/property-for-sale/find.html?locationIdentifier=OUTCODE%5E2329&insId=1&minPrice=200000&maxPrice=450000&minBedrooms=2&secondaryDisplayPropertyType=housesandflats&numberOfPropertiesPerPage=24&areaSizeUnit=sqft&googleAnalyticsChannel=buying,OUTCODE%5E2329
SE3,56,https://www.rightmove.co.uk/property-for-sale/find.html?locationIdentifier=OUTCODE%5E2330&insId=1&minPrice=200000&maxPrice=450000&minBedrooms=2&secondaryDisplayPropertyType=housesandflats&numberOfPropertiesPerPage=24&areaSizeUnit=sqft&googleAnalyticsChannel=buying,OUTCODE%5E2330
SE4,26,https://www.rightmove.co.uk/property-for-sale/find.html?locationIdentifier=OUTCODE%5E2331&insId=1&minPrice=200000&maxPrice=450000&minBedrooms=2&secondaryDisplayPropertyType=housesandflats&numberOfPropertiesPerPage=24&areaSizeUnit=sqft&googleAnalyticsChannel=buying,OUTCODE%5E2331
SE5,51,https://www.rightmove.co.uk/property-for-sale/find.html?locationIdentifier=OUTCODE%5E2332&insId=1&minPrice=200000&maxPrice=450000&minBedrooms=2&secondaryDisplayPropertyType=housesandflats&numberOfPropertiesPerPage=24&areaSizeUnit=sqft&googleAnalyticsChannel=buying,OUTCODE%5E2332
SE6,111,https://www.rightmove.co.uk/property-for-sale/find.html?locationIdentifier=OUTCODE%5E2333&insId=1&minPrice=200000&maxPrice=450000&minBedrooms=2&secondaryDisplayPropertyType=housesandflats&numberOfPropertiesPerPage=24&areaSizeUnit=sqft&googleAnalyticsChannel=buying,OUTCODE%5E2333
SE7,36,https://www.rightmove.co.uk/property-for-sale/find.html?locationIdentifier=OUTCODE%5E2334&insId=1&minPrice=200000&maxPrice=450000&minBedrooms=2&secondaryDisplayPropertyType=housesandflats&numberOfPropertiesPerPage=24&areaSizeUnit=sqft&googleAnalyticsChannel=buying,OUTCODE%5E2334
SE8,45,https://www.rightmove.co.uk/property-for-sale/find.html?locationIdentifier=OUTCODE%5E2335&insId=1&minPrice=200000&maxPrice=450000&minBedrooms=2&secondaryDisplayPropertyType=housesandflats&numberOfPropertiesPerPage=24&areaSizeUnit=sqft&googleAnalyticsChannel=buying,OUTCODE%5E2335
SE9,141,https://www.rightmove.co.uk/property-for-sale/find.html?locationIdentifier=OUTCODE%5E2336&insId=1&minPrice=200000&maxPrice=450000&minBedrooms=2&secondaryDisplayPropertyType=housesandflats&numberOfPropertiesPerPage=24&areaSizeUnit=sqft&googleAnalyticsChannel=buying,OUTCODE%5E2336
SL0,27,https://www.rightmove.co.uk/property-for-sale/find.html?locationIdentifier=OUTCODE%5E2375&insId=1&minPrice=200000&maxPrice=450000&minBedrooms=2&secondaryDisplayPropertyType=housesandflats&numberOfPropertiesPerPage=24&areaSizeUnit=sqft&googleAnalyticsChannel=buying,OUTCODE%5E2375
SL3,145,https://www.rightmove.co.uk/property-for-sale/find.html?locationIdentifier=OUTCODE%5E2378&insId=1&minPrice=200000&maxPrice=450000&minBedrooms=2&secondaryDisplayPropertyType=housesandflats&numberOfPropertiesPerPage=24&areaSizeUnit=sqft&googleAnalyticsChannel=buying,OUTCODE%5E2378
SM1,187,https://www.rightmove.co.uk/property-for-sale/find.html?locationIdentifier=OUTCODE%5E2385&insId=1&minPrice=200000&maxPrice=450000&minBedrooms=2&secondaryDisplayPropertyType=housesandflats&numberOfPropertiesPerPage=24&areaSizeUnit=sqft&googleAnalyticsChannel=buying,OUTCODE%5E2385
SM2,109,https://www.rightmove.co.uk/property-for-sale/find.html?locationIdentifier=OUTCODE%5E2386&insId=1&minPrice=200000&maxPrice=450000&minBedrooms=2&secondaryDisplayPropertyType=housesandflats&numberOfPropertiesPerPage=24&areaSizeUnit=sqft&googleAnalyticsChannel=buying,OUTCODE%5E2386
SM3,65,https://www.rightmove.co.uk/property-for-sale/find.html?locationIdentifier=OUTCODE%5E2387&insId=1&minPrice=200000&maxPrice=450000&minBedrooms=2&secondaryDisplayPropertyType=housesandflats&numberOfPropertiesPerPage=24&areaSizeUnit=sqft&googleAnalyticsChannel=buying,OUTCODE%5E2387
SM4,86,https://www.rightmove.co.uk/property-for-sale/find.html?locationIdentifier=OUTCODE%5E2388&insId=1&minPrice=200000&maxPrice=450000&minBedrooms=2&secondaryDisplayPropertyType=housesandflats&numberOfPropertiesPerPage=24&areaSizeUnit=sqft&googleAnalyticsChannel=buying,OUTCODE%5E2388
SM5,77,https://www.rightmove.co.uk/property-for-sale/find.html?locationIdentifier=OUTCODE%5E2389&insId=2&minPrice=200000&maxPrice=450000&minBedrooms=2&secondaryDisplayPropertyType=housesandflats&numberOfPropertiesPerPage=24&areaSizeUnit=sqft&googleAnalyticsChannel=buying,OUTCODE%5E2389
SM6,106,https://www.rightmove.co.uk/property-for-sale/find.html?locationIdentifier=OUTCODE%5E2390&insId=1&minPrice=200000&maxPrice=450000&minBedrooms=2&secondaryDisplayPropertyType=housesandflats&numberOfPropertiesPerPage=24&areaSizeUnit=sqft&googleAnalyticsChannel=buying,OUTCODE%5E2390
SM7,37,https://www.rightmove.co.uk/property-for-sale/find.html?locationIdentifier=OUTCODE%5E2391&insId=1&minPrice=200000&maxPrice=450000&minBedrooms=2&secondaryDisplayPropertyType=housesandflats&numberOfPropertiesPerPage=24&areaSizeUnit=sqft&googleAnalyticsChannel=buying,OUTCODE%5E2391
SW10,2,https://www.rightmove.co.uk/property-for-sale/find.html?locationIdentifier=OUTCODE%5E2496&insId=1&minPrice=200000&maxPrice=450000&minBedrooms=2&secondaryDisplayPropertyType=housesandflats&numberOfPropertiesPerPage=24&areaSizeUnit=sqft&googleAnalyticsChannel=buying,OUTCODE%5E2496
SW11,47,https://www.rightmove.co.uk/property-for-sale/find.html?locationIdentifier=OUTCODE%5E2497&insId=1&minPrice=200000&maxPrice=450000&minBedrooms=2&secondaryDisplayPropertyType=housesandflats&numberOfPropertiesPerPage=24&areaSizeUnit=sqft&googleAnalyticsChannel=buying,OUTCODE%5E2497
SW12,14,https://www.rightmove.co.uk/property-for-sale/find.html?locationIdentifier=OUTCODE%5E2498&insId=1&minPrice=200000&maxPrice=450000&minBedrooms=2&secondaryDisplayPropertyType=housesandflats&numberOfPropertiesPerPage=24&areaSizeUnit=sqft&googleAnalyticsChannel=buying,OUTCODE%5E2498
SW13,4,https://www.rightmove.co.uk/property-for-sale/find.html?locationIdentifier=OUTCODE%5E2499&insId=1&minPrice=200000&maxPrice=450000&minBedrooms=2&secondaryDisplayPropertyType=housesandflats&numberOfPropertiesPerPage=24&areaSizeUnit=sqft&googleAnalyticsChannel=buying,OUTCODE%5E2499
SW14,15,https://www.rightmove.co.uk/property-for-sale/find.html?locationIdentifier=OUTCODE%5E2500&insId=1&minPrice=200000&maxPrice=450000&minBedrooms=2&secondaryDisplayPropertyType=housesandflats&numberOfPropertiesPerPage=24&areaSizeUnit=sqft&googleAnalyticsChannel=buying,OUTCODE%5E2500
SW15,52,https://www.rightmove.co.uk/property-for-sale/find.html?locationIdentifier=OUTCODE%5E2501&insId=1&minPrice=200000&maxPrice=450000&minBedrooms=2&secondaryDisplayPropertyType=housesandflats&numberOfPropertiesPerPage=24&areaSizeUnit=sqft&googleAnalyticsChannel=buying,OUTCODE%5E2501
SW16,234,https://www.rightmove.co.uk/property-for-sale/find.html?locationIdentifier=OUTCODE%5E2502&insId=1&minPrice=200000&maxPrice=450000&minBedrooms=2&secondaryDisplayPropertyType=housesandflats&numberOfPropertiesPerPage=24&areaSizeUnit=sqft&googleAnalyticsChannel=buying,OUTCODE%5E2502
SW17,76,https://www.rightmove.co.uk/property-for-sale/find.html?locationIdentifier=OUTCODE%5E2503&insId=1&minPrice=200000&maxPrice=450000&minBedrooms=2&secondaryDisplayPropertyType=housesandflats&numberOfPropertiesPerPage=24&areaSizeUnit=sqft&googleAnalyticsChannel=buying,OUTCODE%5E2503
SW18,53,https://www.rightmove.co.uk/property-for-sale/find.html?locationIdentifier=OUTCODE%5E2504&insId=1&minPrice=200000&maxPrice=450000&minBedrooms=2&secondaryDisplayPropertyType=housesandflats&numberOfPropertiesPerPage=24&areaSizeUnit=sqft&googleAnalyticsChannel=buying,OUTCODE%5E2504
SW19,94,https://www.rightmove.co.uk/property-for-sale/find.html?locationIdentifier=OUTCODE%5E2505&insId=1&minPrice=200000&maxPrice=450000&minBedrooms=2&secondaryDisplayPropertyType=housesandflats&numberOfPropertiesPerPage=24&areaSizeUnit=sqft&googleAnalyticsChannel=buying,OUTCODE%5E2505
SW1A,0,https://www.rightmove.co.uk/property-for-sale/find.html?locationIdentifier=OUTCODE%5E2506&insId=1&minPrice=200000&maxPrice=450000&minBedrooms=2&secondaryDisplayPropertyType=housesandflats&numberOfPropertiesPerPage=24&areaSizeUnit=sqft&googleAnalyticsChannel=buying,OUTCODE%5E2506
SW1E,0,https://www.rightmove.co.uk/property-for-sale/find.html?locationIdentifier=OUTCODE%5E2507&insId=1&minPrice=200000&maxPrice=450000&minBedrooms=2&secondaryDisplayPropertyType=housesandflats&numberOfPropertiesPerPage=24&areaSizeUnit=sqft&googleAnalyticsChannel=buying,OUTCODE%5E2507
SW1H,0,https://www.rightmove.co.uk/property-for-sale/find.html?locationIdentifier=OUTCODE%5E2508&insId=1&minPrice=200000&maxPrice=450000&minBedrooms=2&secondaryDisplayPropertyType=housesandflats&numberOfPropertiesPerPage=24&areaSizeUnit=sqft&googleAnalyticsChannel=buying,OUTCODE%5E2508
SW1P,0,https://www.rightmove.co.uk/property-for-sale/find.html?locationIdentifier=OUTCODE%5E2509&insId=1&minPrice=200000&maxPrice=450000&minBedrooms=2&secondaryDisplayPropertyType=housesandflats&numberOfPropertiesPerPage=24&areaSizeUnit=sqft&googleAnalyticsChannel=buying,OUTCODE%5E2509
SW1V,0,https://www.rightmove.co.uk/property-for-sale/find.html?locationIdentifier=OUTCODE%5E2510&insId=1&minPrice=200000&maxPrice=450000&minBedrooms=2&secondaryDisplayPropertyType=housesandflats&numberOfPropertiesPerPage=24&areaSizeUnit=sqft&googleAnalyticsChannel=buying,OUTCODE%5E2510
SW1W,0,https://www.rightmove.co.uk/property-for-sale/find.html?locationIdentifier=OUTCODE%5E2511&insId=1&minPrice=200000&maxPrice=450000&minBedrooms=2&secondaryDisplayPropertyType=housesandflats&numberOfPropertiesPerPage=24&areaSizeUnit=sqft&googleAnalyticsChannel=buying,OUTCODE%5E2511
SW1X,0,https://www.rightmove.co.uk/property-for-sale/find.html?locationIdentifier=OUTCODE%5E2512&insId=1&minPrice=200000&maxPrice=450000&minBedrooms=2&secondaryDisplayPropertyType=housesandflats&numberOfPropertiesPerPage=24&areaSizeUnit=sqft&googleAnalyticsChannel=buying,OUTCODE%5E2512
SW1Y,0,https://www.rightmove.co.uk/property-for-sale/find.html?locationIdentifier=OUTCODE%5E2513&insId=1&minPrice=200000&maxPrice=450000&minBedrooms=2&secondaryDisplayPropertyType=housesandflats&numberOfPropertiesPerPage=24&areaSizeUnit=sqft&googleAnalyticsChannel=buying,OUTCODE%5E2513
SW2,87,https://www.rightmove.co.uk/property-for-sale/find.html?locationIdentifier=OUTCODE%5E2514&insId=2&minPrice=200000&maxPrice=450000&minBedrooms=2&secondaryDisplayPropertyType=housesandflats&numberOfPropertiesPerPage=24&areaSizeUnit=sqft&googleAnalyticsChannel=buying,OUTCODE%5E2514
SW20,37,https://www.rightmove.co.uk/property-for-sale/find.html?locationIdentifier=OUTCODE%5E2515&insId=1&minPrice=200000&maxPrice=450000&minBedrooms=2&secondaryDisplayPropertyType=housesandflats&numberOfPropertiesPerPage=24&areaSizeUnit=sqft&googleAnalyticsChannel=buying,OUTCODE%5E2515
SW3,0,https://www.rightmove.co.uk/property-for-sale/find.html?locationIdentifier=OUTCODE%5E2516&insId=1&minPrice=200000&maxPrice=450000&minBedrooms=2&secondaryDisplayPropertyType=housesandflats&numberOfPropertiesPerPage=24&areaSizeUnit=sqft&googleAnalyticsChannel=buying,OUTCODE%5E2516
SW4,21,https://www.rightmove.co.uk/property-for-sale/find.html?locationIdentifier=OUTCODE%5E2517&insId=1&minPrice=200000&maxPrice=450000&minBedrooms=2&secondaryDisplayPropertyType=housesandflats&numberOfPropertiesPerPage=24&areaSizeUnit=sqft&googleAnalyticsChannel=buying,OUTCODE%5E2517
SW5,0,https://www.rightmove.co.uk/property-for-sale/find.html?locationIdentifier=OUTCODE%5E2518&insId=1&minPrice=200000&maxPrice=450000&minBedrooms=2&secondaryDisplayPropertyType=housesandflats&numberOfPropertiesPerPage=24&areaSizeUnit=sqft&googleAnalyticsChannel=buying,OUTCODE%5E2518
SW6,6,https://www.rightmove.co.uk/property-for-sale/find.html?locationIdentifier=OUTCODE%5E2519&insId=1&minPrice=200000&maxPrice=450000&minBedrooms=2&secondaryDisplayPropertyType=housesandflats&numberOfPropertiesPerPage=24&areaSizeUnit=sqft&googleAnalyticsChannel=buying,OUTCODE%5E2519
SW7,0,https://www.rightmove.co.uk/property-for-sale/find.html?locationIdentifier=OUTCODE%5E2520&insId=1&minPrice=200000&maxPrice=450000&minBedrooms=2&secondaryDisplayPropertyType=housesandflats&numberOfPropertiesPerPage=24&areaSizeUnit=sqft&googleAnalyticsChannel=buying,OUTCODE%5E2520
SW8,28,https://www.rightmove.co.uk/property-for-sale/find.html?locationIdentifier=OUTCODE%5E2521&insId=1&minPrice=200000&maxPrice=450000&minBedrooms=2&secondaryDisplayPropertyType=housesandflats&numberOfPropertiesPerPage=24&areaSizeUnit=sqft&googleAnalyticsChannel=buying,OUTCODE%5E2521
SW9,46,https://www.rightmove.co.uk/property-for-sale/find.html?locationIdentifier=OUTCODE%5E2522&insId=1&minPrice=200000&maxPrice=450000&minBedrooms=2&secondaryDisplayPropertyType=housesandflats&numberOfPropertiesPerPage=24&areaSizeUnit=sqft&googleAnalyticsChannel=buying,OUTCODE%5E2522
TN14,48,https://www.rightmove.co.uk/property-for-sale/find.html?locationIdentifier=OUTCODE%5E2606&insId=1&minPrice=200000&maxPrice=450000&minBedrooms=2&secondaryDisplayPropertyType=housesandflats&numberOfPropertiesPerPage=24&areaSizeUnit=sqft&googleAnalyticsChannel=buying,OUTCODE%5E2606
TN16,95,https://www.rightmove.co.uk/property-for-sale/find.html?locationIdentifier=OUTCODE%5E2608&insId=1&minPrice=200000&maxPrice=450000&minBedrooms=2&secondaryDisplayPropertyType=housesandflats&numberOfPropertiesPerPage=24&areaSizeUnit=sqft&googleAnalyticsChannel=buying,OUTCODE%5E2608
TW1,23,https://www.rightmove.co.uk/property-for-sale/find.html?locationIdentifier=OUTCODE%5E2713&insId=1&minPrice=200000&maxPrice=450000&minBedrooms=2&secondaryDisplayPropertyType=housesandflats&numberOfPropertiesPerPage=24&areaSizeUnit=sqft&googleAnalyticsChannel=buying,OUTCODE%5E2713
TW10,8,https://www.rightmove.co.uk/property-for-sale/find.html?locationIdentifier=OUTCODE%5E2714&insId=1&minPrice=200000&maxPrice=450000&minBedrooms=2&secondaryDisplayPropertyType=housesandflats&numberOfPropertiesPerPage=24&areaSizeUnit=sqft&googleAnalyticsChannel=buying,OUTCODE%5E2714
TW11,29,https://www.rightmove.co.uk/property-for-sale/find.html?locationIdentifier=OUTCODE%5E2715&insId=1&minPrice=200000&maxPrice=450000&minBedrooms=2&secondaryDisplayPropertyType=housesandflats&numberOfPropertiesPerPage=24&areaSizeUnit=sqft&googleAnalyticsChannel=buying,OUTCODE%5E2715
TW12,52,https://www.rightmove.co.uk/property-for-sale/find.html?locationIdentifier=OUTCODE%5E2716&insId=1&minPrice=200000&maxPrice=450000&minBedrooms=2&secondaryDisplayPropertyType=housesandflats&numberOfPropertiesPerPage=24&areaSizeUnit=sqft&googleAnalyticsChannel=buying,OUTCODE%5E2716
TW13,136,https://www.rightmove.co.uk/property-for-sale/find.html?locationIdentifier=OUTCODE%5E2717&insId=1&minPrice=200000&maxPrice=450000&minBedrooms=2&secondaryDisplayPropertyType=housesandflats&numberOfPropertiesPerPage=24&areaSizeUnit=sqft&googleAnalyticsChannel=buying,OUTCODE%5E2717
TW14,73,https://www.rightmove.co.uk/property-for-sale/find.html?locationIdentifier=OUTCODE%5E2718&insId=1&minPrice=200000&maxPrice=450000&minBedrooms=2&secondaryDisplayPropertyType=housesandflats&numberOfPropertiesPerPage=24&areaSizeUnit=sqft&googleAnalyticsChannel=buying,OUTCODE%5E2718
TW15,106,https://www.rightmove.co.uk/property-for-sale/find.html?locationIdentifier=OUTCODE%5E2719&insId=1&minPrice=200000&maxPrice=450000&minBedrooms=2&secondaryDisplayPropertyType=housesandflats&numberOfPropertiesPerPage=24&areaSizeUnit=sqft&googleAnalyticsChannel=buying,OUTCODE%5E2719
TW16,125,https://www.rightmove.co.uk/property-for-sale/find.html?locationIdentifier=OUTCODE%5E2720&insId=1&minPrice=200000&maxPrice=450000&minBedrooms=2&secondaryDisplayPropertyType=housesandflats&numberOfPropertiesPerPage=24&areaSizeUnit=sqft&googleAnalyticsChannel=buying,OUTCODE%5E2720
TW19,76,https://www.rightmove.co.uk/property-for-sale/find.html?locationIdentifier=OUTCODE%5E2723&insId=1&minPrice=200000&maxPrice=450000&minBedrooms=2&secondaryDisplayPropertyType=housesandflats&numberOfPropertiesPerPage=24&areaSizeUnit=sqft&googleAnalyticsChannel=buying,OUTCODE%5E2723
TW2,43,https://www.rightmove.co.uk/property-for-sale/find.html?locationIdentifier=OUTCODE%5E2724&insId=1&minPrice=200000&maxPrice=450000&minBedrooms=2&secondaryDisplayPropertyType=housesandflats&numberOfPropertiesPerPage=24&areaSizeUnit=sqft&googleAnalyticsChannel=buying,OUTCODE%5E2724
TW3,62,https://www.rightmove.co.uk/property-for-sale/find.html?locationIdentifier=OUTCODE%5E2726&insId=2&minPrice=200000&maxPrice=450000&minBedrooms=2&secondaryDisplayPropertyType=housesandflats&numberOfPropertiesPerPage=24&areaSizeUnit=sqft&googleAnalyticsChannel=buying,OUTCODE%5E2726
TW4,27,https://www.rightmove.co.uk/property-for-sale/find.html?locationIdentifier=OUTCODE%5E2727&insId=1&minPrice=200000&maxPrice=450000&minBedrooms=2&secondaryDisplayPropertyType=housesandflats&numberOfPropertiesPerPage=24&areaSizeUnit=sqft&googleAnalyticsChannel=buying,OUTCODE%5E2727
TW5,27,https://www.rightmove.co.uk/property-for-sale/find.html?locationIdentifier=OUTCODE%5E2728&insId=1&minPrice=200000&maxPrice=450000&minBedrooms=2&secondaryDisplayPropertyType=housesandflats&numberOfPropertiesPerPage=24&areaSizeUnit=sqft&googleAnalyticsChannel=buying,OUTCODE%5E2728
TW6,0,https://www.rightmove.co.uk/property-for-sale/find.html?locationIdentifier=OUTCODE%5E2729&insId=1&minPrice=200000&maxPrice=450000&minBedrooms=2&secondaryDisplayPropertyType=housesandflats&numberOfPropertiesPerPage=24&areaSizeUnit=sqft&googleAnalyticsChannel=buying,OUTCODE%5E2729
TW7,82,https://www.rightmove.co.uk/property-for-sale/find.html?locationIdentifier=OUTCODE%5E2730&insId=1&minPrice=200000&maxPrice=450000&minBedrooms=2&secondaryDisplayPropertyType=housesandflats&numberOfPropertiesPerPage=24&areaSizeUnit=sqft&googleAnalyticsChannel=buying,OUTCODE%5E2730
TW8,62,https://www.rightmove.co.uk/property-for-sale/find.html?locationIdentifier=OUTCODE%5E2731&insId=1&minPrice=200000&maxPrice=450000&minBedrooms=2&secondaryDisplayPropertyType=housesandflats&numberOfPropertiesPerPage=24&areaSizeUnit=sqft&googleAnalyticsChannel=buying,OUTCODE%5E2731
TW9,14,https://www.rightmove.co.uk/property-for-sale/find.html?locationIdentifier=OUTCODE%5E2732&insId=1&minPrice=200000&maxPrice=450000&minBedrooms=2&secondaryDisplayPropertyType=housesandflats&numberOfPropertiesPerPage=24&areaSizeUnit=sqft&googleAnalyticsChannel=buying,OUTCODE%5E2732
UB1,52,https://www.rightmove.co.uk/property-for-sale/find.html?locationIdentifier=OUTCODE%5E2733&insId=1&minPrice=200000&maxPrice=450000&minBedrooms=2&secondaryDisplayPropertyType=housesandflats&numberOfPropertiesPerPage=24&areaSizeUnit=sqft&googleAnalyticsChannel=buying,OUTCODE%5E2733
UB10,77,https://www.rightmove.co.uk/property-for-sale/find.html?locationIdentifier=OUTCODE%5E2734&insId=1&minPrice=200000&maxPrice=450000&minBedrooms=2&secondaryDisplayPropertyType=housesandflats&numberOfPropertiesPerPage=24&areaSizeUnit=sqft&googleAnalyticsChannel=buying,OUTCODE%5E2734
UB11,0,https://www.rightmove.co.uk/property-for-sale/find.html?locationIdentifier=OUTCODE%5E2735&insId=1&minPrice=200000&maxPrice=450000&minBedrooms=2&secondaryDisplayPropertyType=housesandflats&numberOfPropertiesPerPage=24&areaSizeUnit=sqft&googleAnalyticsChannel=buying,OUTCODE%5E2735
UB2,84,https://www.rightmove.co.uk/property-for-sale/find.html?locationIdentifier=OUTCODE%5E2736&insId=1&minPrice=200000&maxPrice=450000&minBedrooms=2&secondaryDisplayPropertyType=housesandflats&numberOfPropertiesPerPage=24&areaSizeUnit=sqft&googleAnalyticsChannel=buying,OUTCODE%5E2736
UB3,124,https://www.rightmove.co.uk/property-for-sale/find.html?locationIdentifier=OUTCODE%5E2737&insId=1&minPrice=200000&maxPrice=450000&minBedrooms=2&secondaryDisplayPropertyType=housesandflats&numberOfPropertiesPerPage=24&areaSizeUnit=sqft&googleAnalyticsChannel=buying,OUTCODE%5E2737
UB4,128,https://www.rightmove.co.uk/property-for-sale/find.html?locationIdentifier=OUTCODE%5E2738&insId=1&minPrice=200000&maxPrice=450000&minBedrooms=2&secondaryDisplayPropertyType=housesandflats&numberOfPropertiesPerPage=24&areaSizeUnit=sqft&googleAnalyticsChannel=buying,OUTCODE%5E2738
UB5,142,https://www.rightmove.co.uk/property-for-sale/find.html?locationIdentifier=OUTCODE%5E2739&insId=1&minPrice=200000&maxPrice=450000&minBedrooms=2&secondaryDisplayPropertyType=housesandflats&numberOfPropertiesPerPage=24&areaSizeUnit=sqft&googleAnalyticsChannel=buying,OUTCODE%5E2739
UB6,98,https://www.rightmove.co.uk/property-for-sale/find.html?locationIdentifier=OUTCODE%5E2740&insId=1&minPrice=200000&maxPrice=450000&minBedrooms=2&secondaryDisplayPropertyType=housesandflats&numberOfPropertiesPerPage=24&areaSizeUnit=sqft&googleAnalyticsChannel=buying,OUTCODE%5E2740
UB7,120,https://www.rightmove.co.uk/property-for-sale/find.html?locationIdentifier=OUTCODE%5E2741&insId=1&minPrice=200000&maxPrice=450000&minBedrooms=2&secondaryDisplayPropertyType=housesandflats&numberOfPropertiesPerPage=24&areaSizeUnit=sqft&googleAnalyticsChannel=buying,OUTCODE%5E2741
UB8,106,https://www.rightmove.co.uk/property-for-sale/find.html?locationIdentifier=OUTCODE%5E2742&insId=1&minPrice=200000&maxPrice=450000&minBedrooms=2&secondaryDisplayPropertyType=housesandflats&numberOfPropertiesPerPage=24&areaSizeUnit=sqft&googleAnalyticsChannel=buying,OUTCODE%5E2742
UB9,49,https://www.rightmove.co.uk/property-for-sale/find.html?locationIdentifier=OUTCODE%5E2743&insId=1&minPrice=200000&maxPrice=450000&minBedrooms=2&secondaryDisplayPropertyType=housesandflats&numberOfPropertiesPerPage=24&areaSizeUnit=sqft&googleAnalyticsChannel=buying,OUTCODE%5E2743
W10,3,https://www.rightmove.co.uk/property-for-sale/find.html?locationIdentifier=OUTCODE%5E2744&insId=1&minPrice=200000&maxPrice=450000&minBedrooms=2&secondaryDisplayPropertyType=housesandflats&numberOfPropertiesPerPage=24&areaSizeUnit=sqft&googleAnalyticsChannel=buying,OUTCODE%5E2744
W11,3,https://www.rightmove.co.uk/property-for-sale/find.html?locationIdentifier=OUTCODE%5E2745&insId=1&minPrice=200000&maxPrice=450000&minBedrooms=2&secondaryDisplayPropertyType=housesandflats&numberOfPropertiesPerPage=24&areaSizeUnit=sqft&googleAnalyticsChannel=buying,OUTCODE%5E2745
W12,18,https://www.rightmove.co.uk/property-for-sale/find.html?locationIdentifier=OUTCODE%5E2746&insId=1&minPrice=200000&maxPrice=450000&minBedrooms=2&secondaryDisplayPropertyType=housesandflats&numberOfPropertiesPerPage=24&areaSizeUnit=sqft&googleAnalyticsChannel=buying,OUTCODE%5E2746
W13,37,https://www.rightmove.co.uk/property-for-sale/find.html?locationIdentifier=OUTCODE%5E2747&insId=1&minPrice=200000&maxPrice=450000&minBedrooms=2&secondaryDisplayPropertyType=housesandflats&numberOfPropertiesPerPage=24&areaSizeUnit=sqft&googleAnalyticsChannel=buying,OUTCODE%5E2747
W14,3,https://www.rightmove.co.uk/property-for-sale/find.html?locationIdentifier=OUTCODE%5E2748&insId=1&minPrice=200000&maxPrice=450000&minBedrooms=2&secondaryDisplayPropertyType=housesandflats&numberOfPropertiesPerPage=24&areaSizeUnit=sqft&googleAnalyticsChannel=buying,OUTCODE%5E2748
W1B,0,https://www.rightmove.co.uk/property-for-sale/find.html?locationIdentifier=OUTCODE%5E2750&insId=1&minPrice=200000&maxPrice=450000&minBedrooms=2&secondaryDisplayPropertyType=housesandflats&numberOfPropertiesPerPage=24&areaSizeUnit=sqft&googleAnalyticsChannel=buying,OUTCODE%5E2750
W1C,0,https://www.rightmove.co.uk/property-for-sale/find.html?locationIdentifier=OUTCODE%5E2751&insId=1&minPrice=200000&maxPrice=450000&minBedrooms=2&secondaryDisplayPropertyType=housesandflats&numberOfPropertiesPerPage=24&areaSizeUnit=sqft&googleAnalyticsChannel=buying,OUTCODE%5E2751
W1D,0,https://www.rightmove.co.uk/property-for-sale/find.html?locationIdentifier=OUTCODE%5E2752&insId=1&minPrice=200000&maxPrice=450000&minBedrooms=2&secondaryDisplayPropertyType=housesandflats&numberOfPropertiesPerPage=24&areaSizeUnit=sqft&googleAnalyticsChannel=buying,OUTCODE%5E2752
W1F,0,https://www.rightmove.co.uk/property-for-sale/find.html?locationIdentifier=OUTCODE%5E2753&insId=1&minPrice=200000&maxPrice=450000&minBedrooms=2&secondaryDisplayPropertyType=housesandflats&numberOfPropertiesPerPage=24&areaSizeUnit=sqft&googleAnalyticsChannel=buying,OUTCODE%5E2753
W1G,0,https://www.rightmove.co.uk/property-for-sale/find.html?locationIdentifier=OUTCODE%5E2754&insId=1&minPrice=200000&maxPrice=450000&minBedrooms=2&secondaryDisplayPropertyType=housesandflats&numberOfPropertiesPerPage=24&areaSizeUnit=sqft&googleAnalyticsChannel=buying,OUTCODE%5E2754
W1H,0,https://www.rightmove.co.uk/property-for-sale/find.html?locationIdentifier=OUTCODE%5E2755&insId=1&minPrice=200000&maxPrice=450000&minBedrooms=2&secondaryDisplayPropertyType=housesandflats&numberOfPropertiesPerPage=24&areaSizeUnit=sqft&googleAnalyticsChannel=buying,OUTCODE%5E2755
W1J,0,https://www.rightmove.co.uk/property-for-sale/find.html?locationIdentifier=OUTCODE%5E2756&insId=1&minPrice=200000&maxPrice=450000&minBedrooms=2&secondaryDisplayPropertyType=housesandflats&numberOfPropertiesPerPage=24&areaSizeUnit=sqft&googleAnalyticsChannel=buying,OUTCODE%5E2756
W1K,0,https://www.rightmove.co.uk/property-for-sale/find.html?locationIdentifier=OUTCODE%5E2757&insId=1&minPrice=200000&maxPrice=450000&minBedrooms=2&secondaryDisplayPropertyType=housesandflats&numberOfPropertiesPerPage=24&areaSizeUnit=sqft&googleAnalyticsChannel=buying,OUTCODE%5E2757
W1S,0,https://www.rightmove.co.uk/property-for-sale/find.html?locationIdentifier=OUTCODE%5E2758&insId=1&minPrice=200000&maxPrice=450000&minBedrooms=2&secondaryDisplayPropertyType=housesandflats&numberOfPropertiesPerPage=24&areaSizeUnit=sqft&googleAnalyticsChannel=buying,OUTCODE%5E2758
W1T,0,https://www.rightmove.co.uk/property-for-sale/find.html?locationIdentifier=OUTCODE%5E2759&insId=1&minPrice=200000&maxPrice=450000&minBedrooms=2&secondaryDisplayPropertyType=housesandflats&numberOfPropertiesPerPage=24&areaSizeUnit=sqft&googleAnalyticsChannel=buying,OUTCODE%5E2759
W1U,0,https://www.rightmove.co.uk/property-for-sale/find.html?locationIdentifier=OUTCODE%5E2760&insId=1&minPrice=200000&maxPrice=450000&minBedrooms=2&secondaryDisplayPropertyType=housesandflats&numberOfPropertiesPerPage=24&areaSizeUnit=sqft&googleAnalyticsChannel=buying,OUTCODE%5E2760
W1W,0,https://www.rightmove.co.uk/property-for-sale/find.html?locationIdentifier=OUTCODE%5E2761&insId=1&minPrice=200000&maxPrice=450000&minBedrooms=2&secondaryDisplayPropertyType=housesandflats&numberOfPropertiesPerPage=24&areaSizeUnit=sqft&googleAnalyticsChannel=buying,OUTCODE%5E2761
W2,3,https://www.rightmove.co.uk/property-for-sale/find.html?locationIdentifier=OUTCODE%5E2762&insId=1&minPrice=200000&maxPrice=450000&minBedrooms=2&secondaryDisplayPropertyType=housesandflats&numberOfPropertiesPerPage=24&areaSizeUnit=sqft&googleAnalyticsChannel=buying,OUTCODE%5E2762
W3,53,https://www.rightmove.co.uk/property-for-sale/find.html?locationIdentifier=OUTCODE%5E2763&insId=1&minPrice=200000&maxPrice=450000&minBedrooms=2&secondaryDisplayPropertyType=housesandflats&numberOfPropertiesPerPage=24&areaSizeUnit=sqft&googleAnalyticsChannel=buying,OUTCODE%5E2763
W4,21,https://www.rightmove.co.uk/property-for-sale/find.html?locationIdentifier=OUTCODE%5E2764&insId=1&minPrice=200000&maxPrice=450000&minBedrooms=2&secondaryDisplayPropertyType=housesandflats&numberOfPropertiesPerPage=24&areaSizeUnit=sqft&googleAnalyticsChannel=buying,OUTCODE%5E2764
W5,47,https://www.rightmove.co.uk/property-for-sale/find.html?locationIdentifier=OUTCODE%5E2765&insId=1&minPrice=200000&maxPrice=450000&minBedrooms=2&secondaryDisplayPropertyType=housesandflats&numberOfPropertiesPerPage=24&areaSizeUnit=sqft&googleAnalyticsChannel=buying,OUTCODE%5E2765
W6,13,https://www.rightmove.co.uk/property-for-sale/find.html?locationIdentifier=OUTCODE%5E2766&insId=1&minPrice=200000&maxPrice=450000&minBedrooms=2&secondaryDisplayPropertyType=housesandflats&numberOfPropertiesPerPage=24&areaSizeUnit=sqft&googleAnalyticsChannel=buying,OUTCODE%5E2766
W7,36,https://www.rightmove.co.uk/property-for-sale/find.html?locationIdentifier=OUTCODE%5E2767&insId=1&minPrice=200000&maxPrice=450000&minBedrooms=2&secondaryDisplayPropertyType=housesandflats&numberOfPropertiesPerPage=24&areaSizeUnit=sqft&googleAnalyticsChannel=buying,OUTCODE%5E2767
W8,0,https://www.rightmove.co.uk/property-for-sale/find.html?locationIdentifier=OUTCODE%5E2768&insId=1&minPrice=200000&maxPrice=450000&minBedrooms=2&secondaryDisplayPropertyType=housesandflats&numberOfPropertiesPerPage=24&areaSizeUnit=sqft&googleAnalyticsChannel=buying,OUTCODE%5E2768
W9,13,https://www.rightmove.co.uk/property-for-sale/find.html?locationIdentifier=OUTCODE%5E2769&insId=1&minPrice=200000&maxPrice=450000&minBedrooms=2&secondaryDisplayPropertyType=housesandflats&numberOfPropertiesPerPage=24&areaSizeUnit=sqft&googleAnalyticsChannel=buying,OUTCODE%5E2769
WC1A,0,https://www.rightmove.co.uk/property-for-sale/find.html?locationIdentifier=OUTCODE%5E2788&insId=1&minPrice=200000&maxPrice=450000&minBedrooms=2&secondaryDisplayPropertyType=housesandflats&numberOfPropertiesPerPage=24&areaSizeUnit=sqft&googleAnalyticsChannel=buying,OUTCODE%5E2788
WC1B,0,https://www.rightmove.co.uk/property-for-sale/find.html?locationIdentifier=OUTCODE%5E2789&insId=1&minPrice=200000&maxPrice=450000&minBedrooms=2&secondaryDisplayPropertyType=housesandflats&numberOfPropertiesPerPage=24&areaSizeUnit=sqft&googleAnalyticsChannel=buying,OUTCODE%5E2789
WC1E,0,https://www.rightmove.co.uk/property-for-sale/find.html?locationIdentifier=OUTCODE%5E2790&insId=1&minPrice=200000&maxPrice=450000&minBedrooms=2&secondaryDisplayPropertyType=housesandflats&numberOfPropertiesPerPage=24&areaSizeUnit=sqft&googleAnalyticsChannel=buying,OUTCODE%5E2790
WC1H,0,https://www.rightmove.co.uk/property-for-sale/find.html?locationIdentifier=OUTCODE%5E2791&insId=1&minPrice=200000&maxPrice=450000&minBedrooms=2&secondaryDisplayPropertyType=housesandflats&numberOfPropertiesPerPage=24&areaSizeUnit=sqft&googleAnalyticsChannel=buying,OUTCODE%5E2791
WC1N,0,https://www.rightmove.co.uk/property-for-sale/find.html?locationIdentifier=OUTCODE%5E2792&insId=1&minPrice=200000&maxPrice=450000&minBedrooms=2&secondaryDisplayPropertyType=housesandflats&numberOfPropertiesPerPage=24&areaSizeUnit=sqft&googleAnalyticsChannel=buying,OUTCODE%5E2792
WC1R,0,https://www.rightmove.co.uk/property-for-sale/find.html?locationIdentifier=OUTCODE%5E2793&insId=1&minPrice=200000&maxPrice=450000&minBedrooms=2&secondaryDisplayPropertyType=housesandflats&numberOfPropertiesPerPage=24&areaSizeUnit=sqft&googleAnalyticsChannel=buying,OUTCODE%5E2793
WC1V,0,https://www.rightmove.co.uk/property-for-sale/find.html?locationIdentifier=OUTCODE%5E2794&insId=1&minPrice=200000&maxPrice=450000&minBedrooms=2&secondaryDisplayPropertyType=housesandflats&numberOfPropertiesPerPage=24&areaSizeUnit=sqft&googleAnalyticsChannel=buying,OUTCODE%5E2794
WC1X,0,https://www.rightmove.co.uk/property-for-sale/find.html?locationIdentifier=OUTCODE%5E2795&insId=1&minPrice=200000&maxPrice=450000&minBedrooms=2&secondaryDisplayPropertyType=housesandflats&numberOfPropertiesPerPage=24&areaSizeUnit=sqft&googleAnalyticsChannel=buying,OUTCODE%5E2795
WC2A,0,https://www.rightmove.co.uk/property-for-sale/find.html?locationIdentifier=OUTCODE%5E2796&insId=1&minPrice=200000&maxPrice=450000&minBedrooms=2&secondaryDisplayPropertyType=housesandflats&numberOfPropertiesPerPage=24&areaSizeUnit=sqft&googleAnalyticsChannel=buying,OUTCODE%5E2796
WC2B,0,https://www.rightmove.co.uk/property-for-sale/find.html?locationIdentifier=OUTCODE%5E2797&insId=2&minPrice=200000&maxPrice=450000&minBedrooms=2&secondaryDisplayPropertyType=housesandflats&numberOfPropertiesPerPage=24&areaSizeUnit=sqft&googleAnalyticsChannel=buying,OUTCODE%5E2797
WC2E,0,https://www.rightmove.co.uk/property-for-sale/find.html?locationIdentifier=OUTCODE%5E2798&insId=1&minPrice=200000&maxPrice=450000&minBedrooms=2&secondaryDisplayPropertyType=housesandflats&numberOfPropertiesPerPage=24&areaSizeUnit=sqft&googleAnalyticsChannel=buying,OUTCODE%5E2798
WC2H,0,https://www.rightmove.co.uk/property-for-sale/find.html?locationIdentifier=OUTCODE%5E2799&insId=1&minPrice=200000&maxPrice=450000&minBedrooms=2&secondaryDisplayPropertyType=housesandflats&numberOfPropertiesPerPage=24&areaSizeUnit=sqft&googleAnalyticsChannel=buying,OUTCODE%5E2799
WC2N,0,https://www.rightmove.co.uk/property-for-sale/find.html?locationIdentifier=OUTCODE%5E2800&insId=1&minPrice=200000&maxPrice=450000&minBedrooms=2&secondaryDisplayPropertyType=housesandflats&numberOfPropertiesPerPage=24&areaSizeUnit=sqft&googleAnalyticsChannel=buying,OUTCODE%5E2800
WC2R,0,https://www.rightmove.co.uk/property-for-sale/find.html?locationIdentifier=OUTCODE%5E2801&insId=1&minPrice=200000&maxPrice=450000&minBedrooms=2&secondaryDisplayPropertyType=housesandflats&numberOfPropertiesPerPage=24&areaSizeUnit=sqft&googleAnalyticsChannel=buying,OUTCODE%5E2801
WD19,69,https://www.rightmove.co.uk/property-for-sale/find.html?locationIdentifier=OUTCODE%5E2805&insId=1&minPrice=200000&maxPrice=450000&minBedrooms=2&secondaryDisplayPropertyType=housesandflats&numberOfPropertiesPerPage=24&areaSizeUnit=sqft&googleAnalyticsChannel=buying,OUTCODE%5E2805
WD23,105,https://www.rightmove.co.uk/property-for-sale/find.html?locationIdentifier=OUTCODE%5E2806&insId=1&minPrice=200000&maxPrice=450000&minBedrooms=2&secondaryDisplayPropertyType=housesandflats&numberOfPropertiesPerPage=24&areaSizeUnit=sqft&googleAnalyticsChannel=buying,OUTCODE%5E2806
WD3,107,https://www.rightmove.co.uk/property-for-sale/find.html?locationIdentifier=OUTCODE%5E2809&insId=1&minPrice=200000&maxPrice=450000&minBedrooms=2&secondaryDisplayPropertyType=housesandflats&numberOfPropertiesPerPage=24&areaSizeUnit=sqft&googleAnalyticsChannel=buying,OUTCODE%5E2809
WD6,166,https://www.rightmove.co.uk/property-for-sale/find.html?locationIdentifier=OUTCODE%5E2812&insId=1&minPrice=200000&maxPrice=450000&minBedrooms=2&secondaryDisplayPropertyType=housesandflats&numberOfPropertiesPerPage=24&areaSizeUnit=sqft&googleAnalyticsChannel=buying,OUTCODE%5E2812
